в	1972
и	1856
с	741
не	741
что	590
на	559
быть	521
он	493
к	427
как	409
шеллинг	404
этот	371
о	365
то	364
который	351
а	329
год	303
я	291
это	291
его	285
но	258
по	254
свой	254
из	230
для	219
тот	200
же	197
от	180
они	164
русский	156
только	152
весь	152
мочь	151
философия	147
бы	147
другой	146
такой	142
так	142
мы	139
или	136
все	134
себя	132
зедергольм	132
один	126
она	117
за	112
уже	109
философский	109
у	106
время	103
сам	103
тургенев	102
жизнь	99
еще	99
письмо	95
человек	94
ни	93
философ	93
становиться	92
отношение	91
самый	90
более	88
первый	87
немецкий	86
уваров	83
новый	82
именно	81
если	80
м	80
дневник	80
история	79
иметь	79
левый	78
даже	76
об	73
чтобы	73
мой	73
во	72
конек	70
однако	70
говорить	70
шеллинговский	70
где	67
россия	67
при	67
между	66
какой	66
текст	65
см	65
дело	65
до	65
книга	65
их	65
вопрос	64
образ	64
политический	64
п	63
сочинение	62
идея	61
ли	61
оказываться	61
герман	60
здесь	58
работа	57
автор	57
являться	56
последний	56
когда	55
со	55
понимать	55
мир	55
понимание	54
чем	53
культура	53
связь	52
также	52
можно	52
искусство	51
место	51
речь	50
научный	50
контекст	49
без	49
т	49
форма	49
ее	49
два	48
ф	48
оставаться	47
лекция	47
слово	46
раз	46
представлять	46
много	45
роль	45
сказать	44
сторона	44
после	44
случай	44
религия	43
хотя	43
век	43
принимать	43
друг	43
там	43
под	42
собственный	42
материал	42
личный	41
знать	41
кто	41
смысл	41
общий	41
сила	40
советский	40
возможность	40
давать	40
нет	40
х	39
очень	39
наука	39
находить	39
н	39
иной	38
общение	38
российский	38
характер	38
часть	37
большой	37
потому	37
д	37
кеплер	37
качество	37
исторический	36
лицо	36
просто	36
джемаль	36
читать	36
учитель	36
интерес	35
называть	35
литературный	35
написать	35
наш	35
вполне	35
происходить	35
мысль	34
позиция	34
сделать	34
шпора	34
второй	34
опубликовывать	34
германия	34
должный	34
важный	34
ты	34
оба	34
современный	34
система	33
тогда	33
творчество	33
академия	33
бытие	33
статья	33
личность	33
приводить	33
через	33
шуман	32
общество	32
фриш	32
совершенно	32
перевод	31
следовать	31
некоторый	31
любой	31
значение	31
красный	31
мера	31
многий	31
рукопись	31
лишь	31
знакомство	31
рецепция	31
вы	31
взгляд	31
запись	31
поскольку	31
показывать	31
главный	31
язык	30
подобный	30
свидетельство	30
л	30
факт	30
б	30
известный	30
прежде	29
число	29
связывать	29
впрочем	29
религиозный	29
хотеть	29
др	29
университет	29
космос	29
вид	29
бог	28
уровень	28
получать	28
начинать	28
каждый	28
среди	28
начало	28
какой-то	28
скоро	28
результат	27
социальный	27
крейцер	27
фон	27
попытка	27
политика	27
эпоха	27
кузмин	27
высокий	27
писать	27
исследование	27
издание	27
ситуация	27
конец	27
оно	27
задача	27
содержание	27
ученый	27
дискуссия	27
комментарий	27
делать	27
влияние	27
ничто	26
всегда	26
особый	26
различный	26
представление	26
круг	26
видеть	26
культурный	26
зритель	26
ислам	26
ответ	26
полный	26
вот	26
московский	26
выходить	26
период	25
тема	25
контакт	25
казаться	25
литература	25
конкретный	25
довольно	25
свет	25
никакой	25
мюнхен	25
всякий	25
михайлов	25
откровение	24
частный	24
поэт	24
идти	24
петербург	24
обращаться	24
баварский	24
узнавать	24
послание	24
три	24
например	24
фигура	24
ведь	23
имя	23
разный	23
поздний	23
пока	23
источник	23
мистерия	23
проект	23
теперь	23
близкий	23
прошлое	23
ряд	23
над	23
позволять	23
проблема	23
возможный	23
сапонов	22
посвящать	22
вагнер	22
пример	22
фотография	22
филолог	22
церковь	22
явно	22
одновременно	22
несколько	22
основа	22
почти	22
дух	22
что-то	22
фильм	21
анализ	21
перед	21
логика	21
сохраняться	21
столь	21
герой	21
официальный	21
занимать	21
человеческий	21
вновь	21
путь	21
пора	21
профессор	21
весьма	21
некий	21
определенный	21
обстоятельство	21
разговор	21
сегодня	21
собственно	21
нанси	21
событие	20
публикация	20
город	20
особенно	20
частность	20
исследователь	20
поэтому	20
предполагать	20
крайний	20
движение	20
вместе	20
причина	20
опыт	20
август	20
хорошо	20
вещь	20
критик	20
находиться	20
день	20
ваш	20
смерть	20
демонстрация	20
мифология	20
народ	20
том	20
известно	19
тоже	19
вызывать	19
собрание	19
античный	19
целый	19
учение	19
момент	19
пространство	19
е	19
интеллектуальный	19
основание	19
сообщать	19
никогда	18
участие	18
выступать	18
конечно	18
указывать	18
вообще	18
мало	18
опираться	18
труд	18
развитие	18
полагать	18
отдельный	18
высказывание	18
прямой	18
впервые	18
власть	18
хороший	18
важно	18
род	18
сообщество	18
ход	18
повод	18
процесс	18
копп	18
обширный	17
оценка	17
положение	17
теория	17
историк	17
произведение	17
г	17
музыкальный	17
художественный	17
спб	17
наследие	17
право	17
просьба	17
критический	17
переписка	17
древний	17
серия	17
поддерживать	17
настоящий	17
точно	17
христианство	17
множество	17
изучение	17
условие	17
существовать	17
петербургский	17
революция	17
издавать	17
борис	17
целое	16
возникать	16
москва	16
единый	16
предлагать	16
либо	16
масса	16
марксизм	16
тенденция	16
символ	16
пастор	16
историко	16
концепция	16
документ	16
архив	16
стремиться	16
действие	16
курс	16
работать	16
живой	16
правый	16
ибо	16
художник	16
увидеть	16
ранний	16
ко	16
судьба	15
мышление	15
активно	15
восприятие	15
мнение	15
приобретать	15
символический	15
впоследствии	15
вовсе	15
воспринимать	15
ясно	15
внутренний	15
часто	15
пытаться	15
игра	15
разумеется	15
изображение	15
включать	15
субъект	15
тут	15
выражение	15
сейчас	15
министр	15
благодаря	15
невозможно	15
половина	15
да	15
утверждать	15
план	15
внешний	15
отмечать	15
суждение	15
встреча	15
традиция	15
принадлежать	15
учитывать	14
рука	14
создавать	14
течение	14
биография	14
суверенитет	14
едва	14
определять	14
информация	14
группа	14
существование	14
визит	14
участник	14
народный	14
заметка	14
взять	14
состоять	14
сей	14
кеппен	14
белоус	14
истина	14
цель	14
требовать	14
рамка	14
самофракийский	14
хайдеггер	14
знание	14
среда	14
степень	14
стих	14
играть	14
европейский	14
несмотря	14
коммуникативный	14
мировой	14
составлять	14
впечатление	14
вольфил	14
жить	14
просвещение	14
совсем	14
р	14
значительный	14
желать	14
принцип	14
структура	14
миссия	14
деталь	13
достаточно	13
композитор	13
старый	13
журнал	13
чтение	13
серьезный	13
использовать	13
страница	13
воля	13
рассматривать	13
полемика	13
просить	13
надо	13
картина	13
понятие	13
термин	13
нужно	13
точка	13
великий	13
следующий	13
александр	13
кроме	13
вера	13
диалог	13
приходить	13
изложение	13
государство	13
греческий	13
против	13
упоминать	13
дальнейший	13
широкий	13
исходить	13
относиться	13
знаменитый	13
единство	13
предел	13
сын	13
единственный	13
сведение	13
божество	13
хаак	13
характерный	13
критика	13
чаадаев	13
читатель	13
отчасти	13
несомненно	13
обращение	12
видно	12
правило	12
г-н	12
представать	12
большинство	12
страна	12
больший	12
утверждение	12
наконец	12
духовный	12
особенность	12
стихотворение	12
институт	12
четыре	12
деятельность	12
свидетельствовать	12
молодой	12
чувство	12
многие	12
проводить	12
берлин	12
манускрипт	12
западный	12
проходить	12
мыслитель	12
знакомый	12
христианский	12
элевсинский	12
подробный	12
давно	12
беседа	12
ирония	12
по-видимому	12
познакомиться	12
гегель	12
собеседник	12
марксистский	12
представитель	12
таковой	12
обмен	12
карта	12
подтверждать	12
обсуждать	12
слушать	12
объединять	12
революционный	12
далеко	12
внимание	12
удаваться	12
поле	12
постоянно	12
третий	12
действительность	12
содержательный	12
служить	11
правда	11
тип	11
во-вторых	11
окончательно	11
переговоры	11
относительно	11
романтический	11
корреспондент	11
библиотека	11
продолжать	11
тезис	11
поддержка	11
входить	11
способ	11
стоять	11
достойный	11
трактат	11
посредник	11
небольшой	11
содержать	11
творческий	11
потом	11
вне	11
римма	11
культ	11
предмет	11
карл	11
публика	11
гете	11
надежда	11
простой	11
зрение	11
многое	11
признавать	11
вокруг	11
мемуары	11
предоставлять	11
погодина	11
нести	11
апрель	11
любовь	11
президент	11
кеппный	11
граница	11
подобно	11
желание	11
меняться	11
коллега	11
замечать	11
средство	11
государственный	11
де	11
кристо	11
почему	11
школа	11
считать	11
единичный	11
копия	11
мотив	11
трудно	11
немой	11
звучать	11
будущее	11
сыграть	11
причем	11
приходиться	11
ключевой	11
затем	11
эрланген	11
помощь	11
европа	11
начинаться	11
менее	11
радикальный	11
переходить	11
иметься	10
очередь	10
представляться	10
теология	10
филологический	10
слишком	10
вскоре	10
земля	10
непосредственно	10
встречаться	10
снова	10
чрезвычайно	10
фрагмент	10
способный	10
самостоятельный	10
высказываться	10
во-первых	10
фосс	10
тайна	10
ценность	10
гагарин	10
притом	10
идеализм	10
любить	10
чисто	10
заниматься	10
ожидать	10
формальный	10
формирование	10
ю	10
иванов	10
публичный	10
вывод	10
теологический	10
ранее	10
сергей	10
рейхстаг	10
основной	10
музыкант	10
множественный	10
состояться	10
брат	10
революционер	10
идентичность	10
сохранять	10
социализм	10
счет	10
усилие	10
превращаться	10
отнюдь	10
белый	10
лара	10
уходить	10
юноша	10
толпа	10
иначе	10
легко	10
передавать	10
регулярно	10
заключать	10
снимать	10
жена	10
прочитывать	10
чистый	10
сильный	10
нельзя	10
фраза	10
выход	10
сугубо	10
рукописный	10
исследовательский	10
поездка	10
про	10
подход	10
баня	10
успех	10
наиболее	10
тайный	9
война	9
отличаться	9
неизвестный	9
знамя	9
направление	9
может	9
пойти	9
перспектива	9
петр	9
переводчик	9
отличие	9
ж	9
память	9
общественный	9
складываться	9
киреевский	9
мюнхенский	9
ноябрь	9
соответствие	9
комментатор	9
очерк	9
идеологический	9
претендовать	9
список	9
открытость	9
реконструкция	9
будущий	9
профессиональный	9
куда	9
данный	9
нежели	9
огромный	9
интересный	9
попадать	9
необходимый	9
рынок	9
аффект	9
фотограф	9
коллективный	9
направлять	9
очевидный	9
уж	9
осуществление	9
существенный	9
кернелл	9
создание	9
возможно	9
французский	9
жертва	9
полностью	9
заставлять	9
реальный	9
столько	9
насколько	9
сетевой	9
дорога	9
эпизод	9
вероятно	9
лично	9
внутри	9
предпринимать	9
выглядеть	9
час	9
соединять	9
искать	9
шеллингианство	9
равный	9
арт	9
нужный	9
отрывок	9
фактор	9
мифологический	9
словарь	9
транслировать	9
дица	9
музыка	9
ленин	9
обнаруживать	9
крупный	9
бомж	9
назад	9
учет	9
освобождение	9
фихт	9
энтузиазм	9
тождество	9
произносить	9
способность	9
эстетика	9
плохой	9
сентябрь	9
пассаж	9
понятно	9
взаимоотношение	9
похожий	9
человечество	9
занятие	8
чей	8
соображение	8
михаил	8
свобода	8
разнообразный	8
взаимодействие	8
дружеский	8
никто	8
по-немецки	8
носить	8
господство	8
производство	8
западноевропейский	8
невозможный	8
напротив	8
тютчев	8
соответствующий	8
вести	8
рабочий	8
долгий	8
обеспечивать	8
практически	8
вспоминать	8
возрождение	8
голова	8
производить	8
воплощение	8
сколько	8
очевидно	8
роман	8
семья	8
интенсивный	8
центр	8
князь	8
прежний	8
указание	8
обещать	8
кеплеровский	8
будто	8
аргумент	8
построение	8
неизбежно	8
ошибка	8
намек	8
интересно	8
императорский	8
корпус	8
мейендорф	8
сомнение	8
сюжет	8
десятилетие	8
литератор	8
подготовка	8
месяц	8
клоссиус	8
вступать	8
миндадзе	8
сцена	8
истинный	8
классик	8
поэтический	8
возвращение	8
скрипач	8
член	8
область	8
интерпретация	8
оригинал	8
пояснение	8
институциональный	8
должность	8
конфликт	8
решение	8
приложение	8
предчувствие	8
определяться	8
подлинный	8
разворачиваться	8
охватывать	8
транзистор	8
ради	8
сообщение	8
капитал	8
реакция	8
оказывать	8
этика	8
означать	8
напоминать	8
состояние	8
биографический	8
памятник	8
разделять	8
море	8
самость	8
сложный	8
партия	8
отечественный	8
осуществлять	8
понятный	8
зять	8
намерение	8
стиль	8
недавно	8
король	8
поздно	8
тираж	8
обязанность	8
вода	8
кажется	8
модель	8
принципиальный	8
доставлять	8
санкт-петербург	8
объем	8
явление	8
отвечать	8
цивилизация	8
персонологический	8
открытый	8
специально	8
велланский	8
фридрих	8
зато	8
записка	8
необходимость	8
помогать	8
тем	8
собирать	8
двадцать	8
нормальный	7
деррида	7
слух	7
выдвигать	7
думать	7
радикально	7
спутник	7
порядок	7
й	7
сознательно	7
проявлять	7
сотрудничество	7
изменяться	7
иногда	7
отзыв	7
отсутствие	7
судя	7
главное	7
замечание	7
зеркало	7
база	7
ориентировать	7
сотрудник	7
оценивать	7
иоганн	7
встречать	7
измерение	7
постоянный	7
подчеркивать	7
сознание	7
случайный	7
изначально	7
метод	7
закон	7
христианин	7
образовывать	7
искренний	7
июль	7
стараться	7
рождаться	7
попытаться	7
граф	7
присутствовать	7
итог	7
сердце	7
открывать	7
улица	7
специфический	7
интервью	7
конечный	7
услышать	7
участвовать	7
лежать	7
вечный	7
кафедра	7
болезнь	7
сожаление	7
естественный	7
точный	7
отец	7
данные	7
проникать	7
приватный	7
национальный	7
барон	7
архивный	7
неожиданный	7
интеллектуал	7
выбор	7
предприятие	7
оставлять	7
отчуждение	7
установка	7
гейдар	7
сценарий	7
примечание	7
идеал	7
совет	7
должно	7
устный	7
изменять	7
немалый	7
напечатать	7
иностранный	7
буквально	7
действительно	7
поиск	7
временный	7
поколение	7
печать	7
тело	7
умирать	7
чужой	7
бумага	7
параллель	7
количество	7
толкование	7
экз	7
линия	7
печатный	7
открыто	7
когда-то	7
переживать	7
учиться	7
май	7
способствовать	7
развиваться	7
прозаик	7
значит	7
демонстрировать	7
продолжение	7
класс	7
бедный	7
университетский	7
нередко	7
инициатива	7
многочисленный	7
протестантизм	7
претензия	7
специальный	7
сущий	7
доступный	7
либеральный	7
иван	7
исток	7
посещать	7
ор	7
горизонт	7
гулыга	7
соответствовать	7
выше	7
вариант	7
обсуждение	7
алексей	7
стремление	7
замечательный	7
выставка	7
поражать	7
природа	7
отправляться	7
прочий	7
сразу	7
выявлять	7
побуждать	7
настаивать	7
сестра	7
полет	7
жертвенность	7
пропаганда	7
многолетний	6
шнурок	6
санкт-петербургский	6
воспоминание	6
протестантский	6
необходимо	6
симпатия	6
изображать	6
рогов	6
помешать	6
предметность	6
происхождение	6
почитать	6
пояснять	6
достоверность	6
значить	6
собственность	6
мемуарист	6
обусловливать	6
соотношение	6
лейбниц	6
счастливый	6
этический	6
норма	6
спустя	6
свойственный	6
идеология	6
версия	6
слышать	6
выражать	6
николай	6
натурфилософский	6
подготовить	6
использование	6
отказываться	6
помнить	6
дружба	6
трактовка	6
явствовать	6
причудливый	6
разумник	6
показываться	6
рано	6
записывать	6
появляться	6
противоречие	6
продемонстрировать	6
январь	6
пространный	6
упоминание	6
йозеф	6
вспомнить	6
функция	6
высказывать	6
окружение	6
исчезать	6
забывать	6
манн	6
брать	6
объясняться	6
последовательно	6
борьба	6
преподавательский	6
компонент	6
следить	6
интонация	6
сахаров	6
двойной	6
вставать	6
усматривать	6
берег	6
общность	6
основывать	6
совместный	6
прояснять	6
интрига	6
исключать	6
по-русски	6
описание	6
помимо	6
образование	6
православие	6
предстоять	6
виктор	6
берлинский	6
потенциал	6
прямо	6
приводиться	6
теоретик	6
вена	6
посылать	6
двойник	6
нынешний	6
международный	6
развивать	6
присутствие	6
символика	6
элемент	6
мировоззрение	6
отсылать	6
обычно	6
прошлый	6
реальность	6
заявлять	6
достижение	6
открываться	6
биограф	6
название	6
неопубликованный	6
прошение	6
смотреть	6
след	6
дионис	6
появление	6
прогулка	6
издатель	6
вечер	6
около	6
светликовый	6
связанный	6
черта	6
критически	6
студент	6
христос	6
писатель	6
касаться	6
осповатый	6
цитата	6
существенно	6
адресат	6
демократический	6
характеристика	6
давид	6
раздел	6
анализировать	6
подробно	6
ученик	6
слушательский	6
наряду	6
активный	6
раскрывать	6
греция	6
обозначать	6
завет	6
середина	6
метафизика	6
какой-нибудь	6
масштаб	6
описывать	6
продолжаться	6
виленский	6
делиться	6
одоевский	6
почва	6
отражать	6
предисловие	6
детальный	6
переход	6
посетитель	6
глава	6
устанавливать	6
азадовский	6
бывший	6
целиком	6
обращать	6
преподавать	6
предположение	6
аспект	6
заявление	6
бывать	6
настолько	6
совершать	6
лурье	6
превращать	6
правительство	6
наличие	6
сопровождать	6
рецензия	6
раумер	5
повлиять	5
дипломат	5
браться	5
обвинение	5
ответственность	5
венский	5
очередной	5
решительно	5
альтернатива	5
вовлекать	5
деяние	5
предыстория	5
образец	5
типичный	5
подтверждение	5
фактически	5
судить	5
последующий	5
размышление	5
мотивация	5
программа	5
заключение	5
шеллингианский	5
последовать	5
всерьез	5
присущий	5
кружок	5
твердый	5
какой-либо	5
успевать	5
обезьяна	5
путешествие	5
чудо	5
цитировать	5
исполнение	5
обладать	5
учебный	5
мнимый	5
противоположность	5
предшествовать	5
лишенный	5
библейский	5
община	5
уверенный	5
северный	5
вильгельм	5
поэзия	5
кто-то	5
нонна	5
инструмент	5
шведский	5
нечто	5
котт	5
малый	5
душа	5
английский	5
посвящение	5
вольф	5
располагать	5
случайно	5
былой	5
кузен	5
изучать	5
летний	5
камень	5
допускать	5
барсуков	5
словно	5
шаг	5
гумбольдт	5
субстанция	5
идейный	5
надеяться	5
следовательно	5
маркс	5
владимир	5
восхищение	5
пост	5
идеальный	5
вроде	5
мистический	5
расшифровка	5
фейерверк	5
кстати	5
индивидуальный	5
вдруг	5
из-за	5
сравнение	5
выполнять	5
поставлять	5
благосклонный	5
голос	5
наносить	5
сопутствующий	5
вернуться	5
аналогичный	5
изначальный	5
сменяться	5
сопротивление	5
вынуждать	5
преимущественно	5
разум	5
посредством	5
пользоваться	5
рассуждение	5
примеч	5
режиссер	5
исключение	5
визуальный	5
эрлангенский	5
пусть	5
обязательно	5
бавария	5
гораздо	5
сноска	5
безусловно	5
отзываться	5
заказ	5
неоднократно	5
тургеневский	5
романтизм	5
немец	5
студенческий	5
спрашивать	5
твой	5
солидарность	5
тесно	5
отдавать	5
всевозможный	5
хроника	5
делаться	5
буржуазный	5
максимилиан	5
придавать	5
газета	5
катков	5
ложный	5
наоборот	5
разделение	5
наверное	5
путевой	5
излагать	5
светский	5
союз	5
авраамический	5
свободный	5
исходный	5
империя	5
восприниматься	5
пребывание	5
таков	5
дом	5
шлегель	5
однажды	5
ч	5
готовый	5
пустота	5
приносить	5
цветной	5
максимальный	5
социально	5
исключительно	5
далекий	5
равенство	5
эпистолярный	5
ступень	5
прояснивать	5
маяк	5
эстетический	5
важность	5
распространение	5
июнь	5
остальной	5
любитель	5
останавливаться	5
сводить	5
заседание	5
утрачивать	5
амбиция	5
убеждение	5
объект	5
почитатель	5
объяснять	5
людвиг	5
цветок	5
посыл	5
карлсбад	5
воззрение	5
вырастать	5
храниться	5
небо	5
вестись	5
четверть	5
прибегать	5
низкий	5
никак	5
сетовать	5
протяжение	5
кадр	5
ключ	5
детский	5
телеграф	5
освободительный	5
слушатель	5
проявление	5
радость	5
опять	5
йена	5
социалист	5
евгений	5
прилагать	5
искажение	5
абсолютный	5
блок	5
передача	5
гражданский	5
различие	5
постепенно	5
адресоваться	5
аналитика	5
мораль	5
авторитет	5
услада	5
готовность	5
выражаться	5
ждать	5
глаз	5
интеллигенция	5
композиция	5
достигать	5
замысел	5
многократно	5
восходить	5
коммунизм	5
указатель	5
статус	5
обретать	5
решаться	5
превращение	5
возвращаться	5
разрыв	5
признание	5
требоваться	5
озаглавливать	5
практика	5
любовный	5
маленький	5
увлекать	5
регулярный	5
население	5
прокофьев	5
деятель	5
графиня	5
сущность	5
тон	5
академический	5
роберт	5
отрицать	5
лекционный	5
преимущество	5
прием	5
переезд	5
латинский	4
манера	4
тирша	4
убеждать	4
дионисийский	4
пролетариат	4
побывать	4
пророк	4
тиц	4
заключительный	4
столетие	4
веневитин	4
показательный	4
прусский	4
зависимость	4
распад	4
проблематика	4
параллельный	4
реляционный	4
романтика	4
бесконечный	4
жестко	4
суть	4
победа	4
определение	4
карла	4
целостность	4
этикет	4
велосипед	4
осмысление	4
уверенность	4
негри	4
нуждаться	4
привыкать	4
чуждый	4
женщина	4
изготовление	4
ясный	4
прикладывать	4
ласт	4
заслуга	4
успешный	4
туман	4
складка	4
археолог	4
опосредовать	4
господин	4
ностальгический	4
немало	4
кумир	4
эволюция	4
кант	4
цвет	4
кино	4
выступление	4
уверенно	4
содержаться	4
номер	4
орргб	4
лишний	4
крыло	4
ред	4
вина	4
дмитрий	4
фамилия	4
заведомо	4
составитель	4
разве	4
генрих	4
набор	4
разрабатывать	4
песня	4
субъективность	4
коммуникация	4
сборник	4
ссср	4
ребенок	4
распоряжение	4
гегелевский	4
божественный	4
гуссерль	4
схема	4
юный	4
горький	4
оборот	4
множественность	4
помечать	4
возвращать	4
дневниковый	4
независимый	4
пара	4
мыслить	4
беседовать	4
исполнять	4
юрий	4
открытие	4
буква	4
клара	4
прочее	4
журналист	4
задание	4
минимализм	4
сочетание	4
каталог	4
объединение	4
впечатлять	4
исламский	4
больше	4
сша	4
приглашение	4
зона	4
иудаизм	4
двигаться	4
подробность	4
пафос	4
единение	4
заключаться	4
шада	4
тоталитарный	4
воспроизводить	4
затрагивать	4
неделя	4
стоить	4
наблюдатель	4
слабый	4
метафора	4
бунт	4
выдерживать	4
интерпретировать	4
мать	4
гений	4
различать	4
присвоение	4
семестр	4
подвергать	4
выписка	4
ставить	4
почтенный	4
афоризм	4
отражаться	4
художество	4
задавать	4
постигать	4
фашистский	4
объяснение	4
влиятельный	4
заранее	4
поэма	4
обходить	4
аудитория	4
археологический	4
знак	4
насилие	4
майор	4
репутация	4
многообразие	4
странный	4
отделять	4
методологический	4
поезд	4
адресовать	4
эзотерический	4
драматический	4
родченко	4
организация	4
легенда	4
дабы	4
обзор	4
сторонник	4
помещать	4
смеяться	4
устаиваться	4
рядом	4
недостаток	4
упоминаться	4
реалия	4
напряжение	4
осмеливаться	4
корпоративный	4
пассионарный	4
организовывать	4
вдохновлять	4
китч	4
ум	4
богомолов	4
кузнечик	4
положительный	4
как-то	4
видимо	4
осуществляться	4
обсерватория	4
германн	4
страсть	4
рассматриваться	4
вносить	4
точность	4
персонально	4
риторика	4
харьков	4
надпись	4
смена	4
смешивать	4
братство	4
радостный	4
заработок	4
ран	4
построить	4
тетка	4
защищать	4
рассказ	4
подходить	4
меньший	4
счастие	4
римский	4
запад	4
переворачивание	4
суверенный	4
капитализм	4
адрес	4
игорь	4
осведомленность	4
онтологический	4
чувствовать	4
звено	4
ученость	4
посещение	4
лестница	4
харьковский	4
мусульманин	4
правдоподобие	4
пер	4
тень	4
введение	4
обсуждаться	4
импульс	4
хотеться	4
невидимый	4
противопоставлять	4
консервативный	4
плюс	4
психология	4
осознание	4
возраст	4
публицист	4
крайне	4
выбирать	4
семейный	4
разбор	4
внимательно	4
письменный	4
почерпать	4
батай	4
настраивать	4
монография	4
краткий	4
ночь	4
редактор	4
изменение	4
коллектив	4
пугать	4
держаться	4
парадоксальный	4
отделение	4
авторский	4
абсолютно	4
холодный	4
штрих	4
резко	4
эманация	4
разнородный	4
преодолевать	4
практический	4
вяземский	4
применительно	4
механизм	4
подлинность	4
большевик	4
саси	4
основатель	4
гость	4
добавлять	4
быстро	4
чета	4
существо	4
присылать	4
продолжительный	4
мгновенный	4
глобальный	4
секрет	4
пустой	4
ленинизм	4
завершение	4
суметь	4
порт	4
контраст	4
сложно	4
переплетаться	4
рекомендация	4
ассоциация	4
соединение	4
смочь	4
воспользоваться	4
датировать	4
присваивать	4
наделять	4
поступать	4
содействовать	4
терминология	4
романтик	4
ставка	4
доводить	4
ныне	4
окружающий	4
галич	4
отражение	4
народник	4
прослушивать	4
покидать	4
конфессиональный	4
богатый	4
каков	4
святой	4
окен	4
быт	4
красивый	4
кокто	4
мужчина	4
отсутствовать	4
исключительный	4
утро	4
натурфилософия	4
посредничество	4
пять	4
наставник	4
адепт	4
вольный	4
акция	4
екатерина	4
состав	4
привязанность	4
переписывать	4
разочарование	4
оседать	4
двор	4
случаться	4
посланник	4
говориться	4
почта	4
демократизация	4
воображать	4
препровождать	4
противоположный	4
карточка	4
называться	4
заслуживать	4
освоение	4
мыслящий	4
бежать	4
немецкоязычный	4
своеобразный	4
возвышенный	4
избирать	4
категория	4
отчет	4
уста	4
всего	4
верный	4
повторять	4
резонанс	4
экземпляр	4
деметра	4
астрономический	4
актуальный	4
всеобщий	4
немногий	4
погибать	4
испытывать	4
сильвестр	4
многообразный	4
верить	4
включая	4
выясняться	4
зимний	4
восток	4
давний	4
воздействие	4
постсоветский	4
глубокий	4
реконструировать	4
слава	4
избранный	4
трудность	4
богословие	3
оттого	3
пол	3
подтверждаться	3
слой	3
ханс	3
увязывать	3
переставать	3
чудовище	3
разыскание	3
проливать	3
воссоздание	3
убеждаться	3
лингвистический	3
естественно	3
служебный	3
приостанавливать	3
крайность	3
определенность	3
нечего	3
отбирать	3
нужда	3
современник	3
типография	3
индивид	3
окно	3
стурдза	3
аналитический	3
юношеский	3
развитый	3
декабрь	3
избранничество	3
теснота	3
собирательный	3
документальный	3
притворяться	3
добросовестный	3
звать	3
даваться	3
трагический	3
ожидание	3
код	3
плоскость	3
предисл	3
продуктивный	3
гомосексуальный	3
смысловой	3
русскоязычный	3
ботинок	3
преследовать	3
рассказывать	3
переосмыслять	3
любопытство	3
одобрение	3
текстологический	3
заказывать	3
скифский	3
научаться	3
тесный	3
назначение	3
отчего	3
стереотип	3
министерство	3
неспособность	3
рассчитывать	3
изобретение	3
зреть	3
адекватно	3
шпор	3
прогрессивный	3
влечь	3
энциклопедический	3
приход	3
заглавие	3
любопытный	3
предаваться	3
однообразный	3
вальтер	3
всемирный	3
богословский	3
отрабатывать	3
странно	3
знаменитость	3
гердер	3
ландшафт	3
задний	3
порыв	3
столовая	3
кончина	3
считаться	3
отрицательный	3
география	3
фактологический	3
дорогой	3
инициировать	3
концерт	3
меж	3
читаться	3
видео	3
деконструкция	3
партнер	3
освобождать	3
доктор	3
сформировывать	3
чистота	3
вводный	3
разворачивать	3
бервальд	3
потребоваться	3
недоразумение	3
доносить	3
по-новому	3
большевизм	3
колокол	3
рефлексия	3
бюлер	3
спина	3
оправдывать	3
неизвестно	3
аспирант	3
пиетет	3
глубинный	3
демократия	3
неясный	3
заставать	3
охарактеризовать	3
разъяснять	3
фурманс	3
рифф	3
константин	3
оценочный	3
приезжать	3
гроб	3
родственный	3
несчастный	3
трата	3
трансляция	3
диалектический	3
пренебрежение	3
портрет	3
выявление	3
фриц	3
вместо	3
идентификация	3
противопоставление	3
преодоление	3
откликаться	3
пригодный	3
специалист	3
удостоить	3
диссертация	3
согласный	3
норвежский	3
узелок	3
притязание	3
мотивированный	3
метр	3
веневитиновый	3
преувеличение	3
сколько-нибудь	3
сексуальный	3
ресурс	3
разработка	3
благодарить	3
связанность	3
тимофеев	3
ниже	3
монада	3
моральный	3
сакральный	3
сколь	3
выводить	3
захотеть	3
внятно	3
вкус	3
учебник	3
вольфиловец	3
оговорка	3
звезда	3
непременно	3
камера	3
мертвый	3
близость	3
американский	3
становление	3
демократичность	3
северин	3
полнота	3
абстрактный	3
польза	3
старик	3
навсегда	3
параллельно	3
кузминский	3
цикл	3
скажем	3
нация	3
коэффициент	3
трудный	3
церковный	3
комментаторский	3
вклад	3
решать	3
поток	3
окрашивать	3
заграничный	3
превосходительство	3
обременять	3
сюжетный	3
ну	3
декадентский	3
сенковский	3
тоска	3
зафиксировать	3
восторг	3
горячий	3
полномочие	3
каста	3
барокко	3
вслед	3
рождение	3
ежегодник	3
эрудиция	3
взглядывать	3
прогресс	3
тирш	3
кончаться	3
догадка	3
пристрастие	3
вписывать	3
фальшивый	3
непостижимый	3
каторжный	3
директор	3
фашизм	3
подозревать	3
фуражка	3
воодушевленный	3
недостаточно	3
устойчивый	3
значимость	3
объявлять	3
скрывать	3
традиционный	3
каподистрий	3
избыток	3
древнегреческий	3
пожелание	3
изобретать	3
все-таки	3
ресторан	3
устаревать	3
привычный	3
достоинство	3
страшный	3
юлия	3
дома	3
размежевание	3
восстание	3
узкий	3
баадер	3
замыкать	3
пронизывать	3
пребывать	3
з	3
перемена	3
сформировываться	3
адекватный	3
синтез	3
справедливость	3
скрытый	3
комната	3
эффективно	3
антропология	3
логический	3
салон	3
подумать	3
дополнять	3
восточный	3
косвенно	3
возражать	3
тщетно	3
голубой	3
причастность	3
уникальный	3
обмениваться	3
расчет	3
центральный	3
признаваться	3
средний	3
разрушение	3
острый	3
пятница	3
менять	3
похоже	3
связующий	3
затруднять	3
объективный	3
авангард	3
классовый	3
концептуальный	3
штутгартский	3
стена	3
гейдельберг	3
лента	3
получаться	3
проч	3
проф	3
перевести	3
ангажировать	3
проводиться	3
пустарнаков	3
настрой	3
конфессия	3
выделять	3
земной	3
спор	3
павлов	3
искренне	3
совокупность	3
соблюдать	3
циркуляция	3
воедино	3
евразиец	3
материализм	3
праздник	3
хоронить	3
ведущий	3
социальность	3
приблизительно	3
анекдот	3
новость	3
суд	3
ортодоксальный	3
елена	3
доброкачественность	3
сбор	3
тотчас	3
коммуникативность	3
вражеский	3
ощущать	3
явный	3
франция	3
погодин	3
интегрировать	3
непосредственный	3
взаимно	3
вперед	3
выставлять	3
познакомить	3
пересмотр	3
наверняка	3
космический	3
идентифицировать	3
монарх	3
католический	3
сено	3
сень	3
пресловутый	3
солидаризироваться	3
предварительный	3
инструментарий	3
применение	3
непреодолимый	3
мироустройство	3
юркун	3
париж	3
брошюра	3
дистанция	3
человечность	3
собираться	3
расстояние	3
секретарь	3
достоверный	3
доводиться	3
действовать	3
испытание	3
предназначение	3
андрей	3
воссоздавать	3
сокращенный	3
исчерпывать	3
франц	3
генеральный	3
приглашать	3
подарок	3
специфика	3
азиатский	3
выдержка	3
плавбаза	3
царь	3
каковой	3
заканчиваться	3
заблуждение	3
доказывать	3
военный	3
симулировать	3
прекрасно	3
республика	3
пензин	3
интересоваться	3
космонавт	3
сфера	3
очерчивать	3
голый	3
программный	3
культурно	3
италия	3
корабль	3
марксист	3
солдат	3
обо	3
риск	3
православный	3
верно	3
евангелический	3
жуковский	3
атмосфера	3
барт	3
столица	3
отклик	3
цит	3
агамбен	3
сапоновский	3
публично	3
солнце	3
путем	3
нравственный	3
постановка	3
расходиться	3
опосредование	3
недоступный	3
создатель	3
догадываться	3
разрешать	3
налагать	3
уничтожать	3
триада	3
распределение	3
энергичный	3
контроверза	3
простодушный	3
настроение	3
предпосылка	3
шкловский	3
протест	3
уваровский	3
первоначальный	3
пользование	3
карамзин	3
разбираться	3
индивидуалистический	3
русый	3
предпосылать	3
массовый	3
закрывать	3
эмблема	3
бумажный	3
баптист	3
исправлять	3
формулировать	3
близко	3
строка	3
покойный	3
виельгорский	3
сумерки	3
метафизический	3
потребность	3
материальный	3
прозвучать	3
поэтика	3
пересказ	3
обожать	3
свидетель	3
лингвист	3
неработающий	3
спекулятивный	3
систематический	3
дополнительный	3
господствующий	3
снабжать	3
жест	3
корпорация	3
совпадение	3
тупик	3
местный	3
прогноз	3
угодно	3
модернизм	3
территория	3
спасение	3
отпуск	3
заведующий	3
гиз	3
конкурент	3
декаданс	3
материалистический	3
умный	3
муза	3
ввиду	3
фонд	3
доверие	3
ограниченный	3
приписывать	3
зависеть	3
ориентир	3
крушение	3
апелляция	3
эрос	3
экономический	3
последователь	3
юрист	3
приобретение	3
вначале	3
падение	3
луч	3
односторонний	3
подразумеваться	3
пожалуй	3
отвергать	3
шумихин	3
имманентный	3
классический	3
полезный	3
сказываться	3
соответственно	3
везде	3
булгаков	3
обоснование	3
употребление	3
напряженный	3
дочь	3
благодарность	3
филология	3
сочувствовать	3
строй	3
современность	3
персонаж	3
стилистический	3
облекать	3
политически	3
америка	3
карьера	3
мусульманский	3
автономия	3
убивать	3
рекомендовать	3
духовенство	3
сад	3
латынь	3
тонкий	3
учреждение	3
издательство	3
расширять	3
общаться	3
красота	3
непонимание	3
обещание	3
преподаватель	3
пережитое	3
проницательный	3
заходить	3
публиковать	3
либерализм	3
невольно	3
в-третьих	3
телеология	3
блестящий	3
полететь	3
скромный	3
федор	3
характеризовать	3
понт	3
техника	3
убедительный	3
доставка	3
первосвященник	3
богатство	3
слышный	3
придворный	3
десять	3
издательский	3
ловушка	3
подымать	3
эрозия	3
ставиться	3
проделывать	3
фундаментальный	3
лишаться	3
сочинять	3
применять	3
треть	3
свойство	3
гааз	3
альбрехт	3
посмотреть	3
злой	3
ознакомляться	3
русло	3
личной	3
создаваться	3
честь	3
самоопределение	3
нежный	3
центрифуга	3
протекать	3
фактический	3
немного	3
питать	3
сталь	3
каменский	3
кропотливый	3
навязнуть	3
нарушать	3
востоковед	3
онтология	3
здоровый	3
дружный	3
нежелание	3
комитет	3
машина	3
исследовать	3
остап	3
диван	3
видение	3
доходить	3
стратегия	3
подтекст	3
интересовать	3
заговор	3
социология	3
неудивительный	3
любовник	3
фердинанд	3
музей	3
посол	3
противостояние	3
синий	3
значительно	3
жан-поль	3
удерживать	3
загадочный	3
посредство	3
гарантия	3
протекция	3
повесть	3
начинание	3
неприкосновенность	3
нищета	2
поп	2
неизбежный	2
лейтенант	2
черновик	2
процитировать	2
неофициальный	2
неудавшийся	2
четко	2
акцент	2
знаток	2
скупой	2
приурочивать	2
сало	2
прижизненный	2
комплекс	2
комбинация	2
нейтральный	2
латиноамериканский	2
строго	2
деликатный	2
троцкий	2
анархизм	2
ровесник	2
откладываться	2
бесчисленный	2
совокупный	2
искренность	2
баланс	2
мистериальный	2
еллинг	2
равно	2
соч	2
подряд	2
отчаяние	2
подхватывать	2
гуманизм	2
заинтересовывать	2
неполный	2
вундт	2
востребовать	2
семя	2
плечо	2
предложение	2
сходство	2
редкий	2
уварова	2
обряд	2
темный	2
зарубежный	2
подслушивать	2
индивидуализм	2
утопический	2
цеховой	2
поверхность	2
вигель	2
жорж	2
неподвижный	2
фаза	2
теплый	2
несовместимый	2
продиктовать	2
заочный	2
благо	2
иудей	2
уверять	2
особа	2
особо	2
пролегать	2
иванович	2
вече	2
кой	2
справедливый	2
владение	2
пристрастный	2
овладевать	2
трижды	2
кавказский	2
жермена	2
грезить	2
достояние	2
формулировка	2
положительно	2
сталинизм	2
сравнивать	2
подчинять	2
извлекать	2
сбиваться	2
снисходительный	2
неотложный	2
крымский	2
явственно	2
финансовый	2
здравый	2
антология	2
созерцание	2
ссылаться	2
почувствовать	2
психологизм	2
враг	2
использоваться	2
короткий	2
врач	2
фильд	2
держава	2
недавний	2
образованный	2
согласно	2
альбом	2
башня	2
шеллингизм	2
формула	2
поглощать	2
похвальный	2
крым	2
штудии	2
гастроль	2
универсальность	2
ответный	2
подходящий	2
прекрасный	2
правильно	2
дифференцированный	2
пятидесятый	2
цензура	2
сообща	2
тишина	2
покрывать	2
довольствоваться	2
спать	2
вакуум	2
субкультура	2
взаимный	2
словесность	2
тройной	2
служение	2
спектр	2
петровская	2
мечта	2
польша	2
перечисленный	2
изумление	2
ян	2
композиционный	2
действующий	2
содействие	2
призывать	2
позаимствовать	2
известность	2
мурманск	2
летный	2
молодость	2
приближаться	2
конструкт	2
гуманист	2
загадка	2
пантеизм	2
величина	2
нарочитый	2
вряд	2
чутко	2
спасать	2
увлеченность	2
покоиться	2
гимназия	2
связка	2
сотня	2
внеинтеллектуально	2
отводиться	2
консультироваться	2
примыкать	2
вдаваться	2
разнообразие	2
скиф	2
лес	2
интонационный	2
педагог	2
закреплять	2
лед	2
якобы	2
актуальность	2
социалистический	2
заблаговременно	2
анонимность	2
изумляться	2
прозаический	2
хор	2
образовываться	2
разрушительный	2
политико-экономический	2
аналог	2
брауншвейг	2
авторство	2
сеть	2
догомеровский	2
ом	2
оп	2
вяч	2
апперципировать	2
образцовый	2
свыше	2
минойский	2
рихтер	2
йоганнес	2
левченко	2
титов	2
удвоение	2
кабиров	2
рассмотрение	2
предавать	2
спортсмен	2
бессмертный	2
королевство	2
самообман	2
упор	2
побеждать	2
кочевать	2
восточнохристианский	2
извне	2
позитивизм	2
формировать	2
усик	2
нетерпимость	2
ценить	2
квалификация	2
мнимость	2
неотъемлемый	2
товарный	2
спортивный	2
материя	2
позитивистский	2
лето	2
администрирование	2
вниз	2
фонема	2
должное	2
завязывать	2
крестный	2
старческий	2
принятый	2
продвигаться	2
сначала	2
добиваться	2
бендер	2
преклонение	2
уважаемый	2
перевешивать	2
зелинская	2
первопричина	2
античность	2
истовый	2
отовсюду	2
посадить	2
дилетант	2
томас	2
пятно	2
теперешний	2
нижеследующий	2
панополитанский	2
формализм	2
половцова	2
ледяной	2
всеохватывающий	2
сегодняшний	2
молчание	2
ниспровергать	2
аналогия	2
удаляться	2
долгожданный	2
кернер	2
трансцендентальный	2
огласка	2
ограничиваться	2
спровоцировать	2
сверхзадача	2
благодатный	2
пестреть	2
регистр	2
тридцать	2
послесловие	2
жизненный	2
сочетаться	2
заинтересованный	2
сопоставление	2
казань	2
предательство	2
рудица	2
задолго	2
руководствоваться	2
расцвет	2
популяризация	2
экспансия	2
лист	2
игнорировать	2
трон	2
оппозиция	2
шествие	2
жаждать	2
географ	2
реализовать	2
поощрение	2
вишневецкий	2
смирнова	2
многодетный	2
язвительный	2
тренер	2
экипаж	2
склонный	2
хранитель	2
франкфуртский	2
психологический	2
кожанка	2
шаблон	2
келер	2
избежание	2
экзотерический	2
океан	2
исаак	2
составление	2
мечтать	2
серьезность	2
консолидировать	2
март	2
заворачивание	2
руководство	2
скептически	2
дискурсивный	2
зеленый	2
формалист	2
забвение	2
первенство	2
совмещать	2
обобщать	2
вокальный	2
живопись	2
артур	2
осколок	2
покровитель	2
диалектика	2
швед	2
восстанавливать	2
платформа	2
настигать	2
валерий	2
язычник	2
книжный	2
стремительный	2
ценный	2
гибель	2
юстинус	2
разрозненный	2
натурфилософ	2
акцентировать	2
кустанай	2
образованность	2
газ	2
астрономия	2
валлерстайн	2
тотальность	2
переписываться	2
проигрывать	2
планета	2
ношение	2
восстановление	2
лестный	2
публикатор	2
бадья	2
засвидетельствовать	2
социологический	2
моисей	2
мгновение	2
напр	2
вып	2
стиховой	2
деньги	2
душевный	2
забавно	2
констелляция	2
предпочтение	2
вадим	2
хайдеггеровский	2
позор	2
совпадать	2
гомер	2
насыщенность	2
славянофильский	2
левизна	2
весна	2
тюбинген	2
отворять	2
отстраненно	2
рафинированный	2
круа	2
похвала	2
держать	2
прятаться	2
вестник	2
паспорт	2
биополитический	2
ничтожный	2
плотина	2
выпускать	2
междисциплинарный	2
сидеть	2
тысяча	2
хватать	2
оригинальность	2
оцениваться	2
чуть	2
максим	2
погружаться	2
визуальность	2
стилистика	2
усложнять	2
опасный	2
деструкция	2
армия	2
паулина	2
плитта	2
оксана	2
шлем	2
оборотничество	2
превозносить	2
по-прежнему	2
журнальный	2
очертание	2
жениться	2
артистический	2
первое	2
фактология	2
рихард	2
публ	2
гражданин	2
предвосхищать	2
отчетливый	2
удивительный	2
шубинский	2
задумываться	2
очищение	2
неудача	2
гавно	2
условный	2
обилие	2
монополия	2
столкновение	2
передвижение	2
согласоваться	2
бах	2
гуманитарий	2
ободрять	2
рационально	2
направляться	2
выносить	2
разбойник	2
товарищ	2
прилежный	2
довод	2
желательный	2
туда	2
настойчиво	2
унаследовать	2
переводческий	2
чувственность	2
союзник	2
догма	2
обнаруживаться	2
соперничество	2
расклад	2
многозначительный	2
боль	2
строгий	2
вплоть	2
вюрцбург	2
бросать	2
дипломатический	2
пропагандист	2
прояснение	2
переработка	2
мелодический	2
фотографический	2
где-то	2
десяток	2
хомяков	2
многозначность	2
зорин	2
седой	2
надеждин	2
развертываться	2
волна	2
антропологический	2
древневосточный	2
циркулировать	2
предсказывать	2
ревекка	2
ориентироваться	2
оттенок	2
стоимость	2
мирный	2
промежуток	2
стройный	2
сознавать	2
цепь	2
сквозь	2
лишать	2
питаться	2
везти	2
рациональный	2
безумие	2
антуан	2
произвол	2
свое	2
предчувствовать	2
претерпевать	2
текущий	2
редакция	2
попечитель	2
динамика	2
полярность	2
выразительный	2
отсюда	2
фокусник	2
сводиться	2
субъективистский	2
профессионально	2
величие	2
грядущий	2
качели	2
взор	2
исчерпывающий	2
коллапс	2
реализоваться	2
явь	2
паулюс	2
кричать	2
остроумный	2
ер	2
заметный	2
намерен	2
гипотеза	2
вырождение	2
потенциальный	2
независимо	2
провинция	2
достижимый	2
выборг	2
ученичество	2
напряженность	2
агрессивный	2
запрет	2
здешний	2
всецело	2
хранение	2
пренебрегать	2
закономерный	2
сплетение	2
впечатляющий	2
эксперимент	2
славянофил	2
обозначение	2
непонятный	2
путешественник	2
ссылка	2
лейпциг	2
кафе	2
француз	2
ясперс	2
диспозиция	2
прозвище	2
абдрашитов	2
облик	2
институция	2
укоренять	2
оборачиваться	2
академик	2
переступать	2
оригинальный	2
полагание	2
тяжесть	2
интенсивно	2
презумпция	2
объединяться	2
юра	2
сильно	2
благосклонно	2
плавать	2
обработка	2
обновление	2
хождение	2
парад	2
священный	2
уклад	2
студенчество	2
фрумкин	2
воздерживаться	2
жаловаться	2
пересказывать	2
антагонизм	2
публиковаться	2
потребовать	2
чемоданчик	2
резвый	2
по-своему	2
кафоличность	2
похороны	2
сторонний	2
дождаться	2
готтхильф	2
руководить	2
светлый	2
глубина	2
вскрывать	2
владеть	2
медик	2
листок	2
рубеж	2
неблагосклонный	2
отличать	2
еванг	2
нацист	2
пытливый	2
сосуществовать	2
поминать	2
решающий	2
верх	2
глобализация	2
плеханов	2
осень	2
ясность	2
непроявленный	2
выяснивать	2
компания	2
продажа	2
скобка	2
ритуал	2
сиюмгновенный	2
глубоко	2
завороженный	2
ус	2
видимость	2
переопределение	2
треугольник	2
ценностный	2
курсы	2
философски	2
египтолог	2
заботиться	2
жирмунский	2
разбивать	2
сомов	2
угроза	2
изъявлять	2
католицизм	2
пожалеть	2
владычество	2
разумный	2
однозначный	2
свободно	2
усваивать	2
талант	2
ложь	2
истинно	2
конструктивистский	2
запрашивать	2
выдвигаться	2
преобладать	2
антигегелевский	2
комментировать	2
смех	2
доход	2
согласие	2
высокопоставленный	2
сорокин	2
воспроизведение	2
стимулировать	2
атрибут	2
физический	2
ошибочный	2
почерк	2
реформатский	2
прообраз	2
безусловный	2
фрагментарный	2
захотеться	2
тынянов	2
аппарат	2
сталкиваться	2
договоренность	2
лавров	2
прочтение	2
независимость	2
пародийный	2
миронов	2
шеллинговедение	2
впадать	2
взывать	2
звук	2
колесо	2
репрессия	2
вызов	2
штейнберг	2
официантка	2
энтузиастический	2
торжество	2
веский	2
героический	2
самоубийство	2
поведение	2
монжела	2
тамошний	2
подрывать	2
антигегельянский	2
наслаждение	2
сформулировать	2
досадный	2
блаженный	2
постмарксистский	2
повязка	2
полно	2
нетерпение	2
дважды	2
терять	2
подпись	2
прагматический	2
приятный	2
ученический	2
уточнять	2
дешевый	2
завидный	2
сочувствие	2
удовольствие	2
авторитетный	2
распространяться	2
запах	2
наглядно	2
банальность	2
инсценировка	2
лодер	2
истолкование	2
присылка	2
бытование	2
старший	2
вагнеровский	2
попутчик	2
излишне	2
трудиться	2
вячеслав	2
вслух	2
жалкий	2
соблазн	2
наследство	2
го	2
госпожа	2
конфигурация	2
богослов	2
крышка	2
дарить	2
тристан	2
произрастать	2
прочь	2
скучный	2
театр	2
экзистенциальный	2
безнадежно	2
древность	2
поворот	2
стилизованный	2
изумрудный	2
всячески	2
обитатель	2
масонский	2
угадывать	2
разуметься	2
улыбаться	2
некогда	2
выдавать	2
секция	2
обстоять	2
ноль	2
лозунг	2
задворки	2
неконкретный	2
искаженный	2
крик	2
классика	2
жаль	2
добрый	2
подвал	2
насильственный	2
антонио	2
ограничение	2
целостный	2
назначать	2
предшественник	2
безумец	2
определенно	2
праздничный	2
рекомендательный	2
пропасть	2
расхождение	2
позитивный	2
взаимосвязанный	2
провинциальный	2
экономика	2
по-французски	2
заручаться	2
профессура	2
экскурс	2
королевский	2
связный	2
наступать	2
доноситься	2
маска	2
направленность	2
развязывать	2
печатать	2
редко	2
исповедальный	2
модерн	2
вектор	2
соотносить	2
чай	2
тепло	2
добро	2
поехать	2
воображение	2
пфафф	2
отстаивать	2
компромисс	2
твердо	2
четырнадцатитомный	2
плюрализация	2
постараться	2
патриотически	2
флирт	2
умолять	2
захватить	2
характерно	2
распоряжаться	2
фуко	2
двадцатилетний	2
воспрепятствовать	2
стеффенс	2
ощущение	2
экономия	2
подготовительный	2
административный	2
видать	2
генеалогический	2
зачем	2
голубинский	2
масштабный	2
пидарас	2
бедность	2
повар	2
убийство	2
мифологизировать	2
пресса	2
обозрение	2
замкнутость	2
значимый	2
октябрь	2
лары	2
манцов	2
смещаться	2
скандал	2
сложность	2
телескоп	2
недооценка	2
воздвигать	2
бурный	2
гармонично	2
сказка	2
премия	2
годиться	2
искусствовед	2
вытекать	2
благотворный	2
усиливаться	2
гуманитарный	2
монотеизм	2
награда	2
бросаться	2
мухаммед	2
ироничный	2
нквд	2
бороться	2
соперник	2
сопоставлять	2
обязывать	2
ознакомление	2
отдаленный	2
эволюционировать	2
шанс	2
остальное	2
обвинять	2
перекликаться	2
связываться	2
форум	2
головина	2
индийский	2
ведение	2
буквальный	2
семинарист	2
бытовой	2
следствие	2
чиновник	2
угасать	2
социолог	2
фото	2
бум	2
половцов	2
царь-колокол	2
фиксировать	2
отдыхать	2
трезвый	2
реалистический	2
издаваться	2
усугубляться	2
универсальный	2
поистине	2
подозрение	2
дипломатия	2
сотворение	2
впитывать	2
дружинник	2
трансформация	2
неожиданно	2
критицизм	2
кровь	2
сергеевич	2
каутский	2
кагарлицкий	2
жан	2
превосходить	2
берштейн	2
хейн	2
смело	2
близкие	2
потребление	2
проповедник	2
уясняться	2
этап	2
внешне	2
плагиат	2
педагогический	2
естественно-научный	2
планомерный	2
номинально	2
живо	2
располагаться	2
вюрцбургский	2
мыслимый	2
доверять	2
самофракия	2
заполнять	2
кирыч	2
гомосексуальность	2
предопределять	2
обэт	2
вчастность	2
климат	2
соприкосновение	2
тард	2
широко	2
телеграфный	2
улавливать	2
срок	2
унылый	2
рожать	2
бразилия	2
архетипический	2
выхватывать	2
объемный	2
рггу	2
участь	2
опус	2
увеличивать	2
гармония	2
выходной	2
дискурс	2
высота	2
повествование	2
ловить	2
одинаковый	2
промышленный	2
иосиф	2
однозначно	2
прощание	2
мимо	2
сохранность	2
составной	2
обрисовывать	2
председатель	2
кормить	2
откуда	2
илона	2
неолиберальный	2
миротворение	2
отечество	2
морской	2
наглядный	2
механически	2
фараон	2
обнародование	2
шифровка	2
прошедший	2
догматический	2
полевой	2
компонента	2
резкий	2
конгресс	2
просветительский	2
никуда	2
применяться	2
приближать	2
кардинальный	2
таллин	2
простодушие	2
тяжелый	2
проза	2
недоумение	2
герцен	2
спрятать	2
размывание	2
прибывать	2
скорый	2
потенция	2
пассивность	2
сплав	2
нога	2
край	2
идеолог	2
розанов	2
агония	2
принципиально	2
плохо	2
удивляться	2
формат	2
снискивать	2
зависть	2
перемещение	2
избивать	2
безупречно	2
трехтомник	2
отпечаток	2
предрассудок	2
иронический	2
непривычный	2
знакомиться	2
сознательный	2
преподавание	2
строиться	2
ущербный	2
соглашаться	2
че	2
дурылин	2
грубый	2
изрядный	2
ш	2
сюда	2
остро	2
сарказм	2
претерпеть	2
дерпт	2
двусторонний	2
удовлетворять	2
посылка	2
произвольный	2
профессорство	2
спокойный	2
фолиант	2
вживе	2
элита	2
потрясать	2
набросок	2
венеция	2
служба	2
забота	2
противник	2
цветочек	2
оговаривать	2
бесполезный	2
переть	2
жертвенный	2
выбрасывать	2
письмоот	2
предъявлять	2
референтный	2
талантливый	2
смещать	2
подталкивать	2
вой	2
нарочно	2
словом	2
новонайденный	2
упражнение	2
привет	2
возглавлять	2
разрывать	2
концепт	2
препятствие	2
отказ	2
хартман	2
сперва	2
походить	2
отказывать	2
общеевропейский	2
комментирование	2
несчастие	2
феномен	2
драматургия	2
делез	2
предписывать	2
тянуться	2
семейство	2
просмотр	2
хранить	2
прима	2
миф	2
администрация	2
милый	2
новооткрытый	2
головокружительный	2
конкуренция	2
порода	2
мировоззренческий	2
восполнение	2
пирамида	2
пестрый	2
галина	2
парламентский	2
заимствовать	2
швейкарт	2
маститый	2
переоценивать	2
нюансировка	2
примечательный	2
поначалу	2
извлечение	2
фоновый	2
император	2
косвенный	2
спасительный	2
исчерпываться	2
переоценка	2
распознавать	2
зрелище	2
тетрактида	2
палец	2
неподдельный	2
упускать	2
примитивный	2
расхожий	2
сомневаться	2
мастерская	2
влюбленность	2
доля	2
зачастую	2
классицизм	2
генезис	2
легендарный	2
возлагать	2
рискованный	2
эмоциональный	2
тепидарий	2
тогдашний	2
оборачивание	2
царить	2
противостоять	2
формально	2
поспешить	2
субстанциальный	2
отстраняться	2
гинзбург	2
заводить	2
медико-хирургический	2
сотрудничать	2
многообразно	2
идентичный	2
совмещение	2
божий	2
интеллигентский	2
украина	2
отрицание	2
поход	2
округ	2
императив	2
отсылка	2
престол	2
аффективный	2
археология	2
внутренне	2
социально-политический	2
пролетаризировать	2
достигаться	2
звездный	2
изобразительный	2
наблюдение	2
абсолют	2
действенный	2
шедевр	2
паутина	2
вынужденный	2
разрешение	2
покровительство	2
расплывчатый	2
акт	2
осторожный	2
домысел	2
обыкновенный	2
самобытный	2
удаление	2
обстоятельный	2
аллегорический	2
детство	2
антисимволический	2
кривой	2
орудие	2
мощный	2
осмысленный	2
дифференциация	2
позади	2
присоединяться	2
аукцион	2
нелепый	2
естествоиспытатель	2
ресторанный	2
отвлеченный	2
дисциплинарный	2
жертвоприношение	2
плод	2
интерпретатор	2
андреев	2
выраженный	2
младший	2
подвергаться	2
великолепный	2
ориентация	2
прозрачный	2
притяжение	2
шуберт	2
готовиться	2
житель	2
жажда	2
научно	2
попросту	2
послужить	2
привлекательный	2
завершать	2
развернутый	2
предыдущий	2
обычный	2
получение	2
мастер	2
опровергать	2
пьеса	2
постав	2
этимология	2
долго	2
кадровый	2
рецензент	2
вводить	2
аттракцион	2
именовать	2
сливаться	2
февраль	2
выдающийся	2
эффективность	2
усомниться	2
посреди	2
надобный	1
фалес	1
грузчик	1
историко-культурный	1
ольга	1
пристально	1
георг	1
захлестнуть	1
обижаться	1
единица	1
распутник	1
переусложнить	1
индоевропеистика	1
дуня	1
иносказательность	1
стеснительный	1
обрадоваться	1
неприличный	1
лимбах	1
апофеоз	1
несметный	1
даровать	1
уместный	1
цпкио	1
телевизор	1
тампере	1
перерастать	1
красить	1
престижный	1
коммуна	1
минимальный	1
лояльность	1
щерба	1
бормотание	1
сенатор	1
жозеф	1
гарантировать	1
поверх	1
або	1
топоров	1
космонавтика	1
спортзал	1
цыганов	1
по-моему	1
несмываемый	1
труба	1
гран-при	1
вчитываться	1
бедро	1
глядеть	1
ощущаться	1
влажный	1
допуск	1
старец	1
зверев	1
доклад	1
мозг	1
ассоциироваться	1
ослабевать	1
пестрота	1
бесповоротный	1
плеск	1
вытеснять	1
антрополог	1
основополагающий	1
запрос	1
поп-арт	1
хардт	1
укладывать	1
мухаммад	1
депрессивный	1
заграничныйпаспортзедергольмасохранилсясредиегобумага	1
трудящийся	1
шутка	1
основоположение	1
незабвенный	1
эртель	1
выживать	1
самонепонимание	1
отодвигаться	1
механика	1
устраивать	1
уточнение	1
сомнительный	1
продвижение	1
пятый	1
комплект	1
сост	1
накопление	1
политеизм	1
прорыв	1
мелодия	1
хлебников	1
опережать	1
постижимый	1
гордость	1
вплотную	1
штучка	1
тит	1
пфлейдерер	1
трава	1
александровский	1
финляндия	1
склонять	1
имманентность	1
масло	1
решительный	1
неподлинность	1
собщество	1
вслушиваться	1
вычет	1
заглядывать	1
разборчивый	1
барельеф	1
вращение	1
мужской	1
популярность	1
посему	1
патерик	1
полис	1
узурпировать	1
отлучать	1
веровать	1
богочеловек	1
полицай	1
спонтанно	1
прокл	1
повторение	1
ванеянин	1
волнение	1
змеиный	1
эстафета	1
отзвук	1
исчезновение	1
шумейко	1
угрожать	1
единоначалие	1
гласить	1
носитель	1
мудрый	1
наговаривать	1
чествовать	1
пускай	1
постперестроечный	1
вперемешку	1
ограниченность	1
одновременный	1
охотно	1
скорректировать	1
подача	1
парламентаризм	1
неформальный	1
приоритет	1
сон	1
обратимый	1
инфернальный	1
разгул	1
мультипликационный	1
капать	1
искусный	1
спасибо	1
окончательный	1
куча	1
социально-экономический	1
носиться	1
геттинген	1
остров	1
предъявляться	1
саллюстия	1
ленинградский	1
бегло	1
доставляться	1
отправной	1
эпопея	1
объемистый	1
хаус	1
недостача	1
противоречить	1
казачий	1
узнаваться	1
пересылать	1
стадия	1
подменивать	1
пучина	1
восклицать	1
нетрудно	1
повсюду	1
драматизм	1
историзм	1
зашифровывать	1
сюита	1
чередоваться	1
чопорный	1
причастный	1
читаемый	1
теолог	1
критиковать	1
осознавать	1
утерять	1
недооценивать	1
карьер	1
квадратичный	1
антиамериканизм	1
давность	1
хронологически	1
несовпадение	1
сингулярность	1
слог	1
доцент	1
атлантида	1
откладывать	1
мальчик	1
чей-то	1
гордиться	1
уставать	1
предреволюционный	1
наивность	1
процессуальность	1
щека	1
излишество	1
сатира	1
модно	1
сизый	1
проживать	1
понятийный	1
пробежка	1
встраивать	1
неодадаизм	1
коссаковский	1
бой	1
заинтересовываться	1
иллюзорность	1
полка	1
наполнение	1
оттуда	1
риторический	1
хельсинки	1
насыщаться	1
петрович	1
озаписяхка	1
скованный	1
камео	1
лапицкий	1
снисходить	1
сопровождение	1
рэди	1
упорный	1
уничтожение	1
объявляться	1
декадент	1
недостаточность	1
откровенность	1
пополняться	1
танатография	1
узы	1
эсер	1
вежливость	1
плотный	1
платонически	1
просветитель	1
избранность	1
криптокатолицизм	1
поднатореть	1
завеса	1
стокгольмский	1
каталожный	1
патриотический	1
иерархический	1
коп	1
поза	1
наименее	1
бесконечно	1
колебаться	1
спиритуалистический	1
прочувствование	1
куниллингус	1
благосклонность	1
каток	1
буржуазия	1
акцентироваться	1
выкладывать	1
уважать	1
улыбчивый	1
отстранять	1
хорст	1
смежный	1
елизаветинский	1
имп	1
вкрапление	1
организованность	1
разъяснение	1
неявный	1
пропадать	1
незамыкание	1
багажник	1
индикатор	1
занавес	1
законный	1
неоплатонический	1
коннотация	1
обхождение	1
вероятность	1
печатно	1
наезд	1
осложняться	1
стержень	1
национализм	1
шелуха	1
ишеллингакмейндорфуот	1
властвовать	1
кремль	1
запретный	1
минералогия	1
изнутри	1
остафьевский	1
смягчать	1
сгорать	1
молдавия	1
коммиссаржевская	1
коллективистский	1
воинственный	1
развязываться	1
гаевский	1
пеласг	1
геополитика	1
ошибаться	1
неотразимый	1
эскиз	1
несистематичность	1
пропагандироваться	1
батюшкова	1
нарекание	1
письмамипасторакклоссиус	1
никейский	1
удорожаться	1
оссиан	1
джаз	1
расставание	1
предприниматься	1
дружить	1
нормативность	1
развлекалово	1
адекватность	1
модестколеров	1
подлинно	1
предо	1
умолкать	1
обязательный	1
таинственный	1
каркас	1
крепостной	1
синтаксический	1
соэг	1
чикагский	1
украдкой	1
сказочный	1
усиление	1
зрелость	1
дотоль	1
рефлексивный	1
громко	1
прибавочный	1
длительность	1
безвестный	1
вернадский	1
рецептивный	1
беззащитность	1
мероприятие	1
галлер	1
касающиеясти	1
леви	1
хмурый	1
дополняться	1
карлсруэ	1
южный	1
соприкасаться	1
ико	1
суверен	1
озабочивать	1
баден	1
обнаружение	1
подкреплять	1
прямо-таки	1
интерсубъективность	1
беспочвенный	1
безразличие	1
танк	1
дата	1
катастрофический	1
аристотель	1
недопустимо	1
документалист	1
стоящий	1
пик	1
базар	1
ведомость	1
встречный	1
переживание	1
домашний	1
разрастаться	1
обнажать	1
прлекция	1
затмевать	1
непримиримый	1
ежедневный	1
словосочетание	1
модест	1
минута	1
самопредставление	1
преступление	1
открещиваться	1
оперирование	1
неумолимо	1
циник	1
концертмейстер	1
державный	1
питирим	1
довершение	1
сто	1
внефилософский	1
прореха	1
аскольдов	1
проспект	1
наследовать	1
преждевременный	1
ученикшампольонастаниславкоссаковский	1
бескрайность	1
списывать	1
прямота	1
противоположно	1
мюллер	1
умение	1
оригинально	1
разврат	1
отчуждаться	1
семен	1
экспортный	1
включаться	1
ввод	1
маргар	1
неодолимый	1
фотографировать	1
пролюзия	1
практиковать	1
ободрение	1
ангелология	1
шиитский	1
бредовой	1
шумихина	1
взирать	1
справочник	1
эвристический	1
непонятность	1
химерно	1
э	1
неприкосновенный	1
скупиться	1
рейдгеновский	1
сжиматься	1
честный	1
перешагивать	1
институционализация	1
томашевский	1
кинофестиваль	1
гудок	1
исповедание	1
примущественно	1
цоколь	1
атеист	1
внутриконфессиональный	1
ланг	1
скрип	1
желанный	1
постеречь	1
логично	1
потомок	1
ковалевский	1
предвестник	1
заинтересованность	1
сигара	1
короче	1
затесываться	1
увар	1
закрытый	1
непросвещенный	1
шестьдесят	1
майер	1
тектонический	1
прослужить	1
роза	1
фотовыставка	1
что-нибудь	1
правоверный	1
сплочение	1
гипнотический	1
трактовать	1
ньютон	1
конкурс	1
зондирование	1
охота	1
словесный	1
сартр	1
гостеприимный	1
безоглядный	1
ультралевацкий	1
приуготовительный	1
шик	1
индустриальный	1
массив	1
очевидность	1
искусно	1
немногословный	1
вдвоем	1
латать	1
расстрельный	1
напластование	1
неустойчивый	1
умиротворенный	1
лет	1
расчищать	1
максимально	1
неубедительный	1
истечение	1
выживание	1
материалист	1
раритет	1
накладываться	1
беньямин	1
стипендия	1
ретроспективный	1
ксения	1
иоаннис	1
производный	1
констатировать	1
поделить	1
цельно	1
неидеологизировать	1
наукопоклонство	1
антиамериканский	1
нарочито	1
переделывать	1
эпиграмма	1
волхов	1
люксембург	1
кантианец	1
надежный	1
спящий	1
послевоенный	1
моментальный	1
возобладать	1
якоби	1
охартманесма	1
шеллингфа	1
втискивать	1
переложение	1
сибирь	1
символистский	1
преданный	1
перетекать	1
литься	1
неизвестность	1
рудн	1
культивироваться	1
непременный	1
агентство	1
таить	1
внятный	1
подавление	1
лелеять	1
стабильность	1
методологически	1
вступ	1
маслов	1
статистика	1
ходатайствовать	1
сонатный	1
пулково	1
иваново	1
неприятие	1
замена	1
частичный	1
легкий	1
ргали	1
размер	1
ярко	1
конъюнктура	1
гримм	1
крутить	1
недопонимание	1
дека	1
призыв	1
неустанно	1
приятность	1
спитой	1
транскрипция	1
непонятый	1
цивилизаторский	1
скифство	1
книжечка	1
глупый	1
хармс	1
удивление	1
окормление	1
левацкий	1
руф	1
либерал	1
фантом	1
откровенный	1
имплицитный	1
интригующий	1
участок	1
напугать	1
нечасто	1
приказ	1
плакатный	1
тренировка	1
нота	1
реванш	1
избыточный	1
унисон	1
завязнуть	1
зарабатывать	1
сменять	1
продлевать	1
улетать	1
заложник	1
прорисовывать	1
афористичный	1
стряпня	1
проводник	1
накоплять	1
пронизывающий	1
обиход	1
жадный	1
чудовищный	1
экран	1
генерировать	1
историяфилософскихсистема	1
песнопение	1
втайне	1
усиленный	1
декабрист	1
крупица	1
провал	1
перегружать	1
несуществование	1
порождение	1
кинолента	1
атрибутировать	1
прыгучесть	1
революционизировать	1
демидов	1
экзотика	1
архаический	1
высоко	1
хартманн	1
однонаправленный	1
непрерывный	1
свертывание	1
социум	1
насущно	1
аугсбургский	1
внешность	1
нащупывать	1
периодический	1
безобидный	1
пружина	1
заговорщицкий	1
показ	1
фантасмагорический	1
сирена	1
космология	1
вино	1
томительный	1
своеобразие	1
смешиваться	1
телеграфность	1
отращивать	1
урка	1
смирнов	1
тезка	1
выживаемость	1
справка	1
злословие	1
ярмо	1
вильно	1
уважительный	1
павел	1
технология	1
англия	1
подписывать	1
мед	1
несамодостаточный	1
городок	1
несомненный	1
именноа	1
хэппенинг	1
бессмертие	1
добродушие	1
выцветший	1
неестественный	1
сектор	1
реваншизм	1
безумство	1
якоб	1
передел	1
примиряться	1
восьмитомный	1
постановщик	1
гарем	1
променивать	1
сообщаемость	1
нарушаться	1
похоронить	1
несоответствие	1
застолбить	1
дивный	1
скоростной	1
невредимый	1
боец	1
штейнталь	1
безошибочно	1
своевременный	1
индивидуум	1
произвольно	1
ливия	1
настроенный	1
постчеловечество	1
трибуна	1
пробивать	1
надвое	1
пришпоривать	1
лимон	1
остаток	1
хитроумный	1
неверие	1
дурновкусие	1
роспись	1
путепровод	1
хоть	1
буранск	1
галерейщик	1
поделиться	1
пиршество	1
нацеливать	1
жирный	1
утомительный	1
подвешивать	1
рауль	1
сексопатологический	1
неловкость	1
титан	1
футурист	1
традиционно	1
мусульманство	1
шесть	1
алтарь	1
разветвлять	1
побочный	1
выпрямлять	1
некоторые	1
описка	1
вдобавок	1
обостряться	1
добавляться	1
колония	1
диктовать	1
набережная	1
подчиненный	1
интертекст	1
чувственный	1
актант	1
офицер	1
зачисление	1
согласованность	1
озвучивать	1
гладко	1
сор	1
немноголюдный	1
подавальщица	1
лютеранин	1
синкретический	1
дэн	1
настояние	1
выволочка	1
сновать	1
импровизировать	1
вблизи	1
соединительный	1
куртен	1
касательство	1
муж	1
осваивать	1
впечатлить	1
опыление	1
проиллюстрировать	1
реставраторский	1
набирать	1
реплика	1
заместитель	1
отпускать	1
артикуляция	1
авпри	1
соросовский	1
провожать	1
невыгодный	1
соучаствовать	1
каденция	1
коммунистический	1
инвестироваться	1
небывалый	1
ветвь	1
растворять	1
фабульный	1
поспешно	1
чень	1
психолингвистика	1
приращивать	1
невостребованный	1
трое	1
обет	1
платонизм	1
советница	1
первостепенный	1
общефилософский	1
вооруженный	1
уголок	1
лоскутный	1
буренинский	1
знакомствозедергольмасчаадаевымподтверждаться	1
крутиться	1
паства	1
сродни	1
обрекать	1
терпеть	1
обаятельный	1
русскиеписателиугетеввеймар	1
доминировать	1
меньшинство	1
подсаживаться	1
шведскиерукописиизтургеневскойколлекция	1
совместность	1
альбертович	1
президиум	1
радикал	1
техногенный	1
вплетаться	1
музыкантский	1
изобиловать	1
парнас	1
предположительно	1
сущностный	1
художнический	1
эммануэль	1
поправлять	1
мэтр	1
коммунист	1
активность	1
приятно	1
катастрофа	1
кульбит	1
преступный	1
итак	1
популизм	1
необратимо	1
бек	1
мягко	1
обнародоваться	1
неомарксизм	1
расширение	1
шекспировский	1
выдворять	1
дебютный	1
вербальный	1
низводить	1
негативно	1
натура	1
котлета	1
варьировать	1
напористый	1
лавка	1
упоить	1
династия	1
курортник	1
недостойный	1
сочный	1
захват	1
приемлить	1
возврат	1
интеграция	1
стройка	1
побояться	1
титул	1
каппа	1
лапидарный	1
подчиняться	1
акад	1
затягивать	1
адаптировать	1
стыд	1
эдуард	1
красиво	1
затрагиваться	1
нелюбимый	1
медиумический	1
частый	1
фотографироваться	1
заблуждаться	1
потенциальность	1
главенствовать	1
происшествие	1
добродушный	1
взращиваться	1
фантазия	1
отмирать	1
выяснять	1
поклоняться	1
недо	1
волшебник	1
уличный	1
елический	1
развертывание	1
скоп	1
приуготовляться	1
разнородность	1
самозванец	1
нетварность	1
вдохновенно	1
диалогичный	1
посттоталитарный	1
ложиться	1
примешиваться	1
стержневой	1
информативность	1
недобросовестность	1
распадаться	1
венгрия	1
фойгт	1
затевать	1
слуга	1
прочувствовать	1
пешка	1
уделять	1
режиссерский	1
склонность	1
избиратель	1
скульптурный	1
требование	1
копировать	1
парафраз	1
болеть	1
юрген	1
поучительный	1
усердие	1
фотографически	1
завертывать	1
антиимпериалистический	1
провозглашать	1
нависать	1
шиллеровский	1
материализоваться	1
вышеуказанный	1
посодействовать	1
клерикализм	1
симптоматичентакжеинтерес	1
весьмапримечательно	1
первоисточник	1
отвергаться	1
сочиться	1
елистский	1
соединенный	1
эмпиризм	1
спорный	1
подгонка	1
ленинград	1
бунин	1
умиляться	1
обожание	1
фрейд	1
помышлять	1
антихрист	1
сера	1
лосева	1
шарлатанский	1
одежда	1
змей	1
гедонист	1
привозить	1
карусель	1
греза	1
подобие	1
оцепенелый	1
удовлетворяться	1
высококвалифицированный	1
рельеф	1
урок	1
иеромонах	1
подвижный	1
петровский	1
белье	1
принадлежный	1
станкевич	1
ужасный	1
платонический	1
вынести	1
еты	1
мартин	1
предтеча	1
канна	1
двуглавый	1
шульц	1
дистанцироваться	1
марс	1
пошлость	1
обреченный	1
чародей	1
теологизм	1
отправление	1
закоулок	1
хирургический	1
среднерусский	1
космизм	1
перекресток	1
парк	1
читательский	1
тонкость	1
неплохой	1
обязанный	1
каченовский	1
трокслер	1
школьный	1
нерв	1
сентенция	1
обнаженный	1
сбой	1
отвоевывать	1
вождь	1
колыбель	1
изысканный	1
стопа	1
федерация	1
вселенная	1
неуверенность	1
кавказ	1
декларироваться	1
воинственно	1
слева	1
профессионализм	1
присоединение	1
заседение	1
крейцерова	1
приватно	1
незаслуженный	1
преизбыточный	1
закалка	1
западность	1
благоприятный	1
людской	1
градация	1
эпически	1
дробление	1
целенаправленный	1
напрямую	1
дерзкий	1
категориальный	1
покровительственность	1
наталья	1
интегрироваться	1
воскресение	1
предельно	1
красно-коричневый	1
противостоящий	1
востоковедческий	1
фланг	1
истинность	1
вдумчиво	1
тупиковый	1
наверх	1
накануне	1
инспирировать	1
приспособлять	1
пустынный	1
киноутопия	1
неслыханный	1
конструктивный	1
иезуитский	1
титр	1
нокдаун	1
затрата	1
повторно	1
мейер	1
добросовестность	1
гай	1
наблюдаться	1
рыба	1
вооружение	1
перфекционизм	1
взаимоисключающий	1
тематический	1
устранять	1
колоссальный	1
джорджио	1
кратос	1
неосознанный	1
ерунда	1
расспрашивать	1
лоренц	1
менеджмент	1
взамен	1
приумножать	1
примечательно	1
зло	1
имееется	1
конформность	1
волновать	1
внеинтеллектуальность	1
печь	1
прекращаться	1
взаимозаменяемый	1
намечать	1
крюллем	1
страстный	1
подоплека	1
ниоткуда	1
возвышение	1
несправедливый	1
боготворить	1
велижев	1
помысел	1
сочувственно	1
койтный	1
двойничество	1
зольгер	1
учить	1
каникулы	1
непростой	1
мавзолей	1
антипропаганда	1
гегелианский	1
ветхий	1
заживо	1
объективность	1
категорический	1
датский	1
бодуэн	1
обустраивать	1
непротиворечивый	1
именоваться	1
добавление	1
интепретировать	1
терпимость	1
совершенствоваться	1
мужество	1
остросюжетный	1
коробочка	1
трогательный	1
отличный	1
всемогущий	1
люсьена	1
квадратный	1
круговой	1
довлеть	1
гдровский	1
догматика	1
бессвязный	1
шестилетний	1
воздавать	1
пленка	1
отчуждать	1
тюбингенский	1
обниматься	1
готлоб	1
оон	1
постыдный	1
минувший	1
наименование	1
формироваться	1
претенциозно	1
социал-демократический	1
негодование	1
валерка	1
меценат	1
извинение	1
стереоскопичность	1
повторяться	1
общественность	1
притворство	1
отождествлять	1
приступать	1
доказательство	1
прямиком	1
штамп	1
подстрочный	1
неожиданность	1
великосветский	1
наслаждаться	1
новое	1
видоизменяться	1
прикрытие	1
грохот	1
антитеза	1
тюнина	1
несносный	1
леда	1
феодальный	1
меланхолия	1
весомость	1
перевертыш	1
мелочь	1
иудейский	1
патологический	1
гагара	1
мэр	1
оснащение	1
историко-литературный	1
есть	1
неизданный	1
расстройство	1
характеристичный	1
пробуждаться	1
благодарение	1
тотализация	1
потерять	1
вчислетакихпосетителейбыл	1
рыночный	1
окраска	1
застигать	1
альянс	1
специфичный	1
гомосексуал	1
постольку	1
шифрованность	1
удерживаться	1
глубь	1
толстой	1
уплывать	1
бояться	1
системный	1
дескать	1
вступаться	1
вдохновение	1
дерьмо	1
уголовка	1
однотипный	1
гартман	1
приморский	1
всемилостивый	1
респектабельность	1
семенович	1
замкнутый	1
строфический	1
восхищаться	1
убедительно	1
манифестация	1
самоочевидный	1
ежедневно	1
диалогический	1
курция	1
сосредотачивать	1
зедергольмаречьпойдетниже	1
инерция	1
гевара	1
послушать	1
прислушиваться	1
скрипка	1
положенный	1
кругом	1
любомудр	1
оперетка	1
протрезветь	1
структурированный	1
терраса	1
лукоморье	1
дориан	1
фундаментализм	1
распределять	1
констатация	1
изменить	1
когда-нибудь	1
употреблять	1
мелькать	1
гамильтонов	1
кругообразный	1
парсамов	1
организационный	1
благотворитель	1
огия	1
порождать	1
революционизация	1
жертвовать	1
обеспокоить	1
химический	1
реагировать	1
привходящий	1
ментальность	1
ринг	1
тяготение	1
функционировать	1
сгинуть	1
цгали	1
расспросы	1
сани	1
гиппиус	1
кризис	1
разоблачение	1
кучерской	1
фрг	1
обольщаться	1
строчка	1
былакнига	1
камзол	1
патетика	1
тетрадь	1
конституция	1
данило	1
лауреат	1
раскидывать	1
смешанный	1
осмысливать	1
геологический	1
универсалистский	1
полев	1
оркестр	1
батый	1
велимир	1
кланяться	1
неважно	1
перегрузка	1
намного	1
рационализм	1
легкомысленно	1
накладывать	1
мельгунов	1
идентификаторный	1
стратегически	1
изобретаться	1
обильный	1
колесный	1
попробовать	1
ходатайство	1
подобострастие	1
гусеница	1
концентрироваться	1
административно-политический	1
мельхиор	1
поклонник	1
перипетия	1
петрониевский	1
тертый	1
запал	1
пасть	1
эхо	1
моралистический	1
висеть	1
правление	1
философииискусство	1
пожилой	1
савельев	1
федорович	1
транслироваться	1
научность	1
кратко	1
апологет	1
поспевать	1
известие	1
серебряный	1
сухой	1
пласт	1
пересказывание	1
полусумасшедший	1
господствовать	1
блуменбах	1
высокомерие	1
дежурный	1
нло	1
михайловна	1
виртуозность	1
обыкновение	1
заколдованный	1
сервилизм	1
прослеживаться	1
смола	1
распятие	1
федоров	1
летчик	1
поддержание	1
грустный	1
ложность	1
неличный	1
всюду	1
алкоголик	1
шестидесятник	1
редуцировать	1
возлюбленная	1
процентный	1
смотря	1
карнавальный	1
статичный	1
околосимволистский	1
гетевский	1
площадь	1
многообещающий	1
бардак	1
метафорический	1
каково	1
прижимать	1
пиетистский	1
объятие	1
начальный	1
дубин	1
филфак	1
незавершенный	1
насыщение	1
сверстник	1
благочестие	1
помесь	1
зааплодировать	1
оптина	1
бездоказательный	1
урегулирование	1
перехватывать	1
тамжа	1
либреттист	1
зародыш	1
пересказываться	1
подарить	1
тирана	1
муссироваться	1
харизматический	1
новоевропейский	1
ровно	1
ахматова	1
смиряться	1
горе	1
промежуточный	1
парламент	1
парламентаристский	1
вырабатывать	1
тесть	1
неповоротливый	1
ввечеру	1
вкратце	1
домой	1
предвидение	1
отряд	1
допускаться	1
предание	1
предок	1
предупреждение	1
углядеть	1
режим	1
раздор	1
космодром	1
опасение	1
вертикаль	1
грамотность	1
письменно	1
вернее	1
простор	1
деловой	1
хрестоматийный	1
этичность	1
презрение	1
имитация	1
философияискусство	1
левиафан	1
гегелист	1
принуждать	1
бескорыстно	1
плоский	1
аргументированность	1
методика	1
презирать	1
трагедия	1
поппер	1
хили	1
опознавательный	1
губерния	1
стираться	1
заполучать	1
баширов	1
публицистический	1
командировка	1
господний	1
скульптор	1
обструкция	1
видеманн	1
уверовать	1
вышеописанный	1
кратия	1
шурбелев	1
трубадур	1
бремя	1
ницшеанский	1
клад	1
длинноты	1
слабость	1
бюрократический	1
восемь	1
общественнность	1
надеждие	1
недочет	1
сталин	1
гениальность	1
скрытность	1
благой	1
прикладной	1
раздумье	1
пожелать	1
артикулировать	1
несоразмерный	1
уважение	1
акакдемия	1
предваряться	1
сделаться	1
раковина	1
видный	1
семейственный	1
полноценный	1
прощать	1
пикантный	1
восемнадцать	1
череда	1
нагрузка	1
смещение	1
отступать	1
ретроспективно	1
похоронный	1
варьироваться	1
созревание	1
отчаянно	1
неразрывный	1
аналитичный	1
возбужденно	1
коалиция	1
авраам	1
писательница	1
степь	1
богородица	1
поверхностно	1
вздрагивать	1
новобрачный	1
наставление	1
кодировать	1
призвание	1
ограждать	1
радиоприемник	1
прибавлять	1
предельный	1
тренд	1
нибудь	1
симфонический	1
марта	1
наподобие	1
досуг	1
ветхозаветный	1
предлагаться	1
фрайбург	1
пессимистический	1
метрика	1
рубрика	1
достраивать	1
мао	1
непрояснять	1
эйхгорный	1
недоумевать	1
телесный	1
безволие	1
партийный	1
кенигсбергский	1
отрывистый	1
ухватывать	1
аполлонический	1
газетный	1
близнец	1
сурово	1
вложение	1
узел	1
пассивно	1
пройти	1
шептать	1
завод	1
сосуществование	1
оформлять	1
уживаться	1
высокоразвитый	1
ячейка	1
умножение	1
тщательно	1
веневитиновский	1
трибунал	1
динамический	1
последствие	1
буржуазность	1
тематизация	1
тоня	1
прилежно	1
широта	1
фрика	1
пустовать	1
австрия	1
бранденбургский	1
обновлять	1
удивлять	1
персональный	1
преувеличивать	1
соло	1
дешифровка	1
невский	1
заверение	1
безличный	1
форель	1
майя	1
проигрыщ	1
фольклорист	1
тягучий	1
фасад	1
вульгарный	1
постиндивидуалистический	1
просвещенный	1
автономность	1
флотский	1
возражение	1
труднодоступность	1
плутовской	1
упущение	1
присяга	1
решимость	1
майорский	1
языковой	1
подмастерье	1
перезапускать	1
незаметно	1
непреклонный	1
удовлетворительный	1
авторизовать	1
единственно	1
юлий	1
вызывающий	1
властитель	1
недоговоренность	1
монотеистический	1
заключенный	1
относительный	1
передний	1
неясность	1
вычищать	1
тютчевский	1
концептуализм	1
приставать	1
тацит	1
оболванивать	1
экуменический	1
завершаться	1
состряпать	1
метафоричный	1
самодостаточный	1
верховный	1
порешениюсемьибольшаячастькнигиз	1
откомментированный	1
медитация	1
труп	1
промедление	1
вареный	1
егор	1
непаханый	1
мистикаисознаниевинывфилософскомразвитиишеллинг	1
зрелищный	1
антисемитизм	1
барышня	1
выборы	1
сокровище	1
осведомитель	1
винкельмановский	1
упорядочивать	1
трус	1
гийом	1
парадный	1
рассеиваться	1
конструктивист	1
куратор	1
перепроверять	1
экспедиция	1
попросить	1
сидоров	1
запутываться	1
мятеж	1
послереволюционный	1
форсировать	1
неолиберализм	1
инфильтрация	1
ля-минорный	1
восклицание	1
помоечный	1
утрачиваться	1
антисоветский	1
юность	1
шантан	1
угол	1
ехидный	1
корректный	1
постмодернистский	1
укол	1
гостиница	1
отвязываться	1
высматривать	1
лень	1
модификация	1
утверждаться	1
лариса	1
хенрик	1
полуофициальный	1
количественный	1
равнина	1
перенос	1
прерываться	1
доступ	1
предосудительный	1
закручивать	1
незнакомец	1
гоноррея	1
публикемой	1
влиять	1
сотворчество	1
моралист	1
подгот	1
попадание	1
купить	1
предназначать	1
заполнение	1
сходиться	1
калькировать	1
вагон-ресторан	1
необыкновенный	1
скрываться	1
алюминиевый	1
суеверный	1
аналитизм	1
схватываться	1
встраиваться	1
временной	1
новалис	1
экспозиция	1
кредит	1
приближение	1
нуар	1
симпатичный	1
сопоставимый	1
риттер	1
удваиваться	1
пагуба	1
отшатываться	1
беглый	1
профсоюз	1
протяжный	1
склад	1
писательский	1
красоваться	1
шевырев	1
пересекаться	1
двоиться	1
лепет	1
необычно	1
трение	1
искусственность	1
сясьстрой	1
переменчивый	1
высиживать	1
поляризоваться	1
праздный	1
патристика	1
тестировать	1
пандан	1
блеф	1
остроязычный	1
кира	1
популяризаторский	1
помещение	1
не-я	1
чувствительный	1
фронт	1
атья	1
пиксис	1
опись	1
сохранение	1
застой	1
немыслимо	1
плескаться	1
самиздат	1
подбирать	1
кузминоведение	1
геннади	1
силок	1
проституция	1
размыкание	1
иррациональный	1
подвиг	1
патетический	1
антипод	1
палач	1
ноябрьский	1
удобный	1
избегать	1
утешение	1
инский	1
приземляться	1
кое-что	1
начальник	1
либертивилль	1
наркомпрос	1
многосоставность	1
поверять	1
сувчинский	1
гимназический	1
сиротливый	1
воздух	1
терзать	1
молодежь	1
официально	1
узурпатор	1
дубль	1
устремление	1
вкупе	1
батать	1
высвобождать	1
закат	1
возникновение	1
легитимный	1
калайдович	1
продуманный	1
лететь	1
пропуск	1
богослужебный	1
реалистически	1
перестройка	1
бегство	1
наугад	1
умма	1
малопривлекательный	1
основательный	1
осаждать	1
упорно	1
бобров	1
ускоряться	1
животное	1
постиндустриальный	1
эрдманн	1
подземелье	1
уайльдовский	1
редактирование	1
прожектор	1
чтобылхорошознакомсоднимизосновоположник	1
купец	1
острота	1
хемингуэевский	1
израель	1
микрополитика	1
сухопутный	1
прокладывать	1
уход	1
пародия	1
даль	1
малоизвестный	1
референт	1
дали	1
ариец	1
древо	1
трансгрессия	1
сближение	1
брюля	1
оглушительный	1
настройщик	1
сопровождаться	1
травма	1
несоменнно	1
контрастный	1
бескомпромиссный	1
общепризнанный	1
усложнение	1
таки	1
гравировать	1
смесь	1
частица	1
колхоз	1
поприще	1
новообразованный	1
богопознание	1
повадка	1
комма	1
простираться	1
щекотливый	1
упоминанияовстречахслодер	1
убежденность	1
бульдозерный	1
туманов	1
курортный	1
исключенность	1
атривать	1
ответственный	1
интеллектуально	1
правомочный	1
медь	1
восторженный	1
всеевропейский	1
смолоду	1
всепобеждающий	1
медицина	1
неразборчивый	1
обход	1
худо	1
иллюзия	1
познавательный	1
предъюбилейный	1
пыльный	1
государь	1
предполагамое	1
шрифт	1
поступок	1
основное	1
храм	1
обобщение	1
облизывание	1
ораниенбаум	1
дягилев	1
заячий	1
правогегельянец	1
одержимый	1
бессодержательность	1
экстаз	1
элементарно	1
антиклерикальный	1
экстериорность	1
фраунгофер	1
елагина	1
неприветливый	1
сюрприз	1
избавлять	1
стирать	1
штутгарт	1
благодарственный	1
позиционировать	1
медицинский	1
объективно	1
амплуа	1
миротворческий	1
оперировать	1
изречение	1
сида	1
препровождение	1
нападок	1
реально	1
радикальность	1
корректировка	1
допустимый	1
космолет	1
заинтриговывать	1
дрезден	1
предстоящий	1
пересечение	1
играючи	1
обогащение	1
привлекать	1
автоиммунитет	1
ложе	1
мнемонический	1
ложа	1
таинство	1
колер	1
работник	1
пронзительный	1
антифотография	1
пушкинский	1
выделение	1
нежность	1
реполитизация	1
переулок	1
прощаться	1
брак	1
цезарь	1
концептуалист	1
улыбка	1
воодушевление	1
литературноенаследство	1
сокращение	1
неотличимый	1
наклонность	1
обосновываться	1
поразительный	1
фельдъегерь	1
аттрактивный	1
таять	1
неизмеримый	1
ежедневник	1
живописаться	1
соглашение	1
убедительность	1
ореол	1
незнание	1
естьданныеотом	1
совершенство	1
монадология	1
надолго	1
опубликованый	1
недостающий	1
своевременно	1
уступать	1
задумывать	1
атеизм	1
лягушка	1
подборка	1
выпускник	1
михайловский	1
адаптированный	1
евдокия	1
отговаривать	1
владимиреие	1
репрезентация	1
бомбежка	1
наименовывать	1
громкий	1
излишний	1
обеспечиваться	1
утрата	1
намекать	1
избираться	1
набираться	1
выстраивать	1
здоровье	1
семантика	1
фундировать	1
собственноручный	1
быль	1
самодифференцирование	1
кувырок	1
правовой	1
умолчание	1
сдержанный	1
беллетристика	1
молодежный	1
неблагоприятный	1
грубоватый	1
обгонять	1
инерционный	1
двоякий	1
физиологический	1
жилец	1
отрицательно	1
прокуривать	1
валуевуобратитьсякзедергольмуспредложениемперевестидля	1
взыскующий	1
раздумывать	1
прихоть	1
густав	1
почитание	1
первейший	1
бомонд	1
идолопоклонствовать	1
повлечь	1
капиталистический	1
тряпка	1
голубочек	1
соединяться	1
кадетский	1
дума	1
править	1
именитый	1
жизнетворять	1
остзейский	1
предуведомление	1
упаковывать	1
монархия	1
брентано	1
житейски	1
беспрецедентный	1
негласный	1
нанизывать	1
величавый	1
инновация	1
устрашающий	1
неуслышанный	1
многоразовый	1
ссора	1
чересчур	1
музыковедческий	1
раб	1
вакхический	1
часы	1
сексуальность	1
инокультурный	1
пропускать	1
постижимость	1
автоматически	1
расписание	1
междустрочный	1
убирать	1
орел	1
дискутировать	1
непредвзятость	1
всемирно	1
рассуждать	1
суетиться	1
неслышно	1
собственник	1
неразобранный	1
вводиться	1
колоритный	1
шарлатан	1
внеочередной	1
мода	1
технический	1
третьестепенный	1
фетишизм	1
полнокровный	1
неведомый	1
спрятаться	1
лечиться	1
бостон	1
последовательный	1
раскованный	1
беда	1
доверительность	1
подтягивать	1
завладевать	1
метаиронический	1
карманный	1
майкл	1
осознанный	1
расставаться	1
континуум	1
вариабельность	1
девство	1
небосклон	1
перегонка	1
дворянство	1
антибуржуазный	1
неопознанный	1
разбудить	1
ретироваться	1
оживление	1
эйфелев	1
сломать	1
некоммунистический	1
рецепт	1
уголовник	1
уносить	1
окружать	1
стонать	1
наивный	1
целокупно	1
гомосек	1
присовокуплять	1
формообразование	1
лиотара	1
прелестный	1
отклоняться	1
удивительно	1
север	1
природный	1
доступно	1
неправомерный	1
лекселль	1
нарастать	1
отчетливо	1
социал-демократия	1
увлекаться	1
юго-восточный	1
должностной	1
заплыв	1
оттеснять	1
мнасей	1
ньютоновский	1
отправлять	1
праздненство	1
органический	1
конструкция	1
непоправимый	1
гримаса	1
смертельный	1
преимущественный	1
выстраивание	1
площадка	1
мученичество	1
пассивный	1
лишек	1
выслушивать	1
зарождение	1
утцшнейдер	1
лакуна	1
расследование	1
забавный	1
молчать	1
кремлевский	1
самопознание	1
миловаться	1
камашев	1
бухарин	1
измена	1
варрон	1
всепонятность	1
демократизоваться	1
беззастенчиво	1
курсив	1
эпический	1
шрам	1
превосходный	1
удачный	1
юношество	1
смертный	1
малодоступный	1
организаторский	1
еплер	1
толк	1
наполняться	1
изначала	1
изначалу	1
претить	1
умопомешательство	1
трель	1
рига	1
соитие	1
субботник	1
продуктивность	1
накрывать	1
политизация	1
вечно	1
достопримечательность	1
потрясение	1
йеша	1
манер	1
лаборатория	1
очки	1
гербарт	1
продолжатель	1
сумрачный	1
межевич	1
заменять	1
приниматься	1
нрав	1
путешествовать	1
ламенна	1
потебня	1
коллекция	1
хаос	1
музыкознание	1
антихристов	1
прасистема	1
вдвое	1
детально	1
объяснимый	1
коктебель	1
разумниковский	1
никифорович	1
монолитный	1
преподноситься	1
эксплуатировать	1
сальто	1
полбеды	1
озабоченный	1
яйцо	1
сворачивать	1
дорогостоящий	1
хотябыпотой	1
раскрытие	1
слепой	1
законодательство	1
сосредоточенный	1
базисный	1
неомарксистский	1
невесть	1
запредельный	1
анархист	1
фальшиво	1
уничижительный	1
рогинский	1
последовательность	1
богема	1
осторожность	1
кронгауз	1
наспех	1
радиализм	1
цветовой	1
распутывать	1
мягкий	1
конъектура	1
видоизменять	1
ницше	1
ргнф	1
расс	1
чужбина	1
крафт	1
раса	1
письмамейендорфакшеллинг	1
искусствоведческий	1
призма	1
законченный	1
выписывать	1
дорого	1
антиквар	1
габриель	1
разрушать	1
аарон	1
странствовать	1
безымянный	1
мерка	1
обходиться	1
дмитриев	1
порция	1
излияние	1
удар	1
антисистемный	1
геофизик	1
превратный	1
экспериментаторство	1
второстепенный	1
различимый	1
самооценка	1
елагин	1
геополитический	1
отрываться	1
отторгать	1
единобожие	1
грубо	1
вилка	1
закономерность	1
мифологема	1
возрастной	1
разительный	1
поклонение	1
окаменелый	1
неряха	1
чреватый	1
оборудование	1
познание	1
непристойный	1
спроецировать	1
матросик	1
непорочный	1
частично	1
негласно	1
энциклопедия	1
составигенезис	1
урус	1
кпсс	1
жаргон	1
бесспорный	1
интеллектуальность	1
ритмический	1
совершенный	1
наполеон	1
нагродский	1
скрупулезность	1
неумеренный	1
кудрявцев	1
занятость	1
воздействовать	1
наглядность	1
бейлис	1
пусковой	1
интеллигентный	1
оскар	1
подставлять	1
внутригерманский	1
надиктовывать	1
иллюстрация	1
господь	1
возвышенность	1
автограф	1
инсинуация	1
западногерманский	1
мельчук	1
отклонять	1
аннулировать	1
общенаучный	1
энтузиаст	1
подзаголовок	1
топливо	1
импрессионистский	1
господи	1
фонологический	1
скифствовать	1
гюисманс	1
автономный	1
физически	1
арнить	1
невероятный	1
приз	1
вопиять	1
жизнеописание	1
жизнетворчество	1
обваливаться	1
столичный	1
старание	1
антоним	1
неокапиталистический	1
спрашиваться	1
сквотерский	1
адольф	1
абсурдность	1
алый	1
числиться	1
влечение	1
стрелка	1
видоизменение	1
робинзоновский	1
полгода	1
милость	1
привлекаться	1
мелькнуть	1
прокрустов	1
печататься	1
эрхардт	1
шумановский	1
передаваться	1
педагогика	1
хаотический	1
жилище	1
стабильный	1
собиратель	1
задушить	1
подговаривать	1
неопрятный	1
славянофильство	1
павлин	1
внутрь	1
манерный	1
благородство	1
конструировать	1
размеренный	1
необычайно	1
рок	1
вериться	1
аполитический	1
кабинет	1
заметность	1
лидер	1
трудолюбие	1
львиный	1
харьковскийуниверситетбылоднимиз	1
люк	1
грехопадение	1
полюс	1
уверение	1
миха	1
собака	1
типично	1
невнимательно	1
установленный	1
живописать	1
возрастать	1
документально	1
восходящий	1
сверх	1
удостаиваться	1
воспитание	1
катехизис	1
ревниво	1
выучивать	1
музыкальность	1
владелец	1
завтра	1
замыливание	1
необозримый	1
дар	1
культурологический	1
фактура	1
реабилитация	1
причинять	1
смычок	1
двусмысленность	1
реализовывать	1
глянцевый	1
чрез	1
цицерон	1
бунтовать	1
анатолий	1
иманнуил	1
клише	1
шествовать	1
по-разному	1
прятать	1
панночка	1
изолированно	1
победно	1
дизентерия	1
лурик	1
незамедлительный	1
анонимно	1
жанр	1
вторжение	1
украсть	1
инициативность	1
зеркальность	1
аббревиатура	1
нестрогий	1
преддверие	1
минус	1
подробнаяреконструкциязаключительнойфазырусский	1
перемахивать	1
эксплицитно	1
корабельный	1
пускать	1
арзамас	1
одиночка	1
возобновляться	1
растворяться	1
прагматичный	1
четвертый	1
платон	1
германский	1
комплимент	1
опять-таки	1
кровать	1
жалеть	1
эстетизировать	1
сибарит	1
скипетр	1
оный	1
рейхенбах	1
грант	1
грань	1
перечень	1
логвинов	1
рационалистический	1
экзальтация	1
поражающий	1
петер	1
отчетливость	1
успешно	1
помарка	1
авторизованный	1
ханша	1
мартен	1
иммануил	1
канал	1
стадо	1
инициатор	1
уговаривать	1
эксплуатация	1
широкомасштабный	1
кафкианский	1
неужели	1
размыкать	1
фразировка	1
срочно	1
филиппика	1
крепко	1
бредни	1
просто-напросто	1
длиться	1
неповторимый	1
паоло	1
почему-то	1
мистика	1
методология	1
прямолинейный	1
предполагаться	1
свежий	1
сопутствовать	1
общепартийный	1
истреблять	1
довольный	1
заколдовывать	1
гомосексуалист	1
рошетт	1
семиотика	1
почтение	1
геродот	1
компетентность	1
доходный	1
надстройка	1
ленфильм	1
транс	1
отстранение	1
сторониться	1
югов	1
покорение	1
сакулина	1
крюк	1
переменять	1
коллекционер	1
всяческий	1
евразийский	1
сдвоить	1
вчера	1
надворный	1
злополучный	1
судейкин	1
математика	1
многовековый	1
развлекаться	1
далее	1
обслуживать	1
гердеровский	1
пропеллер	1
этнограф	1
нахаживать	1
латентный	1
заворачивать	1
аполлон	1
правительственный	1
воспевать	1
перо	1
перл	1
абсолютизировать	1
крест-накрест	1
подъем	1
разворот	1
только-только	1
вторить	1
станислава	1
предугадывать	1
гесиод	1
могущественай	1
сербский	1
менталитет	1
мобилизовать	1
фрау	1
отталкиваться	1
чрезвычайночуткимкновейшимтрендаминтеллектуальноймода	1
воображаемый	1
подниматься	1
семинария	1
упрекать	1
мамардашвили	1
метода	1
размах	1
отменный	1
заговаривать	1
приучать	1
девушка	1
лицей	1
разочаровываться	1
колено	1
дезире	1
минск	1
обделять	1
тяготеть	1
иоанн	1
погружать	1
гипотетический	1
санинский	1
ан	1
штейн	1
мелко	1
территориально	1
мешать	1
переприсваивать	1
фотографичность	1
нечеловеческий	1
задеть	1
добродетельный	1
превосходство	1
ленинский	1
переплетать	1
голубоватый	1
огородничество	1
строительный	1
вверять	1
маргинализм	1
этапный	1
слюсарев	1
целомудренный	1
неверующий	1
съезд	1
раскрываться	1
разговаривать	1
созидать	1
наружно	1
сопрягать	1
санкционировать	1
россомахин	1
тотально	1
личностный	1
прославляться	1
хабермас	1
довоенный	1
уклоняться	1
невнятный	1
многоразличный	1
спрыгивать	1
сумма	1
элиа	1
кость	1
перевозить	1
обласкивать	1
полагаться	1
крошечный	1
культовый	1
уяснять	1
писаться	1
развертка	1
проверяться	1
раут	1
лечение	1
множиться	1
уводить	1
уравновешиваться	1
перепечатка	1
могущественный	1
ирли	1
опустеть	1
зал	1
спекуляция	1
зеркальный	1
раздувать	1
общекультурный	1
опутывать	1
раскапывание	1
задаваться	1
христов	1
компетенция	1
китчевый	1
кинокомпания	1
поколик	1
латы	1
декларировать	1
припоминать	1
готовить	1
логос	1
в-четвертых	1
непросто	1
расстрел	1
темнить	1
черт	1
сторожить	1
зевесово	1
вертеровский	1
грибоедов	1
редкость	1
эка	1
ивановский	1
купальщик	1
беречься	1
марианна	1
пушкин	1
необычайный	1
прибытие	1
эку	1
сосредоточиваться	1
асса	1
эврика	1
геррес	1
неразличимый	1
водолечение	1
тургеневпосоветовалд	1
виттельсбах	1
благоволить	1
серый	1
авансцена	1
казан	1
подшучивать	1
безумный	1
выучка	1
каторжанин	1
архетип	1
докторант	1
принятие	1
сенат	1
граничить	1
эсхатология	1
суждено	1
враждебно	1
закавычивать	1
чехословакия	1
разочаровывать	1
имущество	1
овдоветь	1
впечатлительный	1
небезынтересный	1
аристократка	1
сакраментальный	1
концептуальность	1
биться	1
незамеченный	1
дикарь	1
сетование	1
потенциально	1
суммировать	1
шелохнуться	1
эпиграф	1
потратить	1
болезненный	1
срывать	1
павший	1
обветшалый	1
авнивать	1
комбинат	1
поперек	1
сережа	1
полюбоваться	1
ущербность	1
хозяин	1
секретность	1
коммунитаристский	1
ориентированный	1
контрреволюционный	1
безмолвный	1
исподнее	1
действительный	1
островский	1
желтоватый	1
афинянин	1
герменевтический	1
роговой	1
оформление	1
опускать	1
разграничение	1
паук	1
чтовюжнойроссиизедергольмобосновалсянегде	1
новелла	1
обеспечение	1
проанализировать	1
варварство	1
самоцель	1
морок	1
космогонический	1
психолог	1
специализация	1
стрекоза	1
дурачить	1
гетерогенный	1
проинтерпретировать	1
сочетать	1
замыливать	1
наказывать	1
прут	1
оператор	1
мотивный	1
иния	1
едкий	1
вдохновенный	1
тожеследилзасовременнойемуархеология	1
пункт	1
подражать	1
вс	1
любительский	1
душный	1
маэстро	1
своевременность	1
записной	1
дисциплина	1
ошибочно	1
неуютно	1
нисходящий	1
брауншвейгский	1
выполнение	1
гадать	1
выпад	1
вовлеченность	1
атеистически	1
ужин	1
кроха	1
ноэтика	1
завязываться	1
ламен	1
исправление	1
путаться	1
обэриутский	1
истерика	1
жак	1
тяжкий	1
примирять	1
забрасывать	1
математический	1
чтотакимизаписямипользоваться	1
женоподобный	1
корректировать	1
педаль	1
огетеиуваровесма	1
противовес	1
перелесок	1
погасить	1
гуща	1
расширяться	1
балка	1
суммарный	1
общераспространенный	1
нарушение	1
гейда	1
собор	1
левада	1
хватка	1
бычков	1
всеподданнейший	1
периферийный	1
честно	1
эскапада	1
незадачливый	1
полноправный	1
проблемный	1
превалировать	1
вирный	1
затравливать	1
достаточный	1
подозрительно	1
голограмма	1
тенденциозность	1
эйлер	1
метро	1
мерцание	1
вышеупомянутый	1
усиливать	1
бал	1
живописность	1
непредставимый	1
арнольд	1
неудачный	1
наделяться	1
бледный	1
финал	1
пейзажный	1
лис	1
мудрец	1
растиражировать	1
мориц	1
сопроводительный	1
кузькин	1
цеплять	1
рюккерту	1
обессмысливать	1
сожалеть	1
передовой	1
докапываться	1
наставать	1
нарциссический	1
тула	1
абашник	1
упираться	1
настраиваться	1
нацеленность	1
одаренность	1
коллективность	1
доверенный	1
взаимообусловливать	1
кузминовед	1
реорганизация	1
проявляться	1
арго	1
пунин	1
клеймить	1
налаживать	1
волнующий	1
мах	1
превышать	1
пригибать	1
неминуемый	1
противоречивый	1
оживленный	1
вселенскость	1
искусствознание	1
парламентарий	1
старина	1
единичность	1
предубеждение	1
превознесение	1
неизменный	1
незнакомый	1
эманативный	1
маскулинный	1
бопп	1
показательность	1
осуждать	1
антибиотик	1
активист	1
генератор	1
движущий	1
отдел	1
общепринятость	1
сава	1
разъять	1
ипостась	1
мюнтер	1
играться	1
неочевидный	1
антагонистический	1
математик	1
нервно	1
выгодный	1
нуждающийся	1
трепет	1
багаж	1
утопать	1
анекдотический	1
дыхание	1
сродство	1
постраничный	1
могущество	1
алогичный	1
египетский	1
основный	1
мания	1
явственный	1
джемс	1
опасность	1
пленять	1
ландсгут	1
кирилл	1
петь	1
отрецензировать	1
аристотелевский	1
петух	1
резонно	1
фауст	1
карнавал	1
минимум	1
невероятно	1
гуссерлианский	1
смущать	1
идиолект	1
каподистрия	1
рамо	1
физика	1
заочно	1
раскол	1
химера	1
вовремя	1
шопенгауэр	1
равнозначность	1
ретро	1
декабризм	1
авангардный	1
увлекательно	1
маргинал	1
экстраверт	1
хозяйка	1
пятнадцать	1
наложение	1
терзание	1
обманывать	1
бредить	1
актер	1
частиений	1
неизобразить	1
сорокалетний	1
мейда	1
борхес	1
пореволюционный	1
крематорский	1
рюмка	1
сценарист	1
анри	1
сатана	1
трогать	1
оттенять	1
маркиза	1
болтаться	1
допущение	1
количественно	1
туча	1
строить	1
сумрак	1
нерон	1
политес	1
перворелигия	1
трактир	1
неприлично	1
книжка	1
диалектик	1
дотягивать	1
цк	1
рекомендатель	1
купюра	1
котта	1
выдумывать	1
выготский	1
обреченность	1
одинокий	1
изо	1
обновленченский	1
изм	1
государственый	1
стерилизация	1
синтетический	1
горечь	1
хрустальный	1
сваливать	1
таланливый	1
угнетенный	1
попадаться	1
драматичный	1
скомпилировать	1
комический	1
циклический	1
ухватываться	1
подступать	1
рот	1
обретаться	1
заблудший	1
добровольческий	1
зря	1
славистика	1
эмпирический	1
богослужение	1
послереформенный	1
самостоятельно	1
протягивать	1
вдоль	1
душевно	1
информационный	1
придерживаться	1
раздобывать	1
нулевой	1
непонятливый	1
популяризатор	1
кандидатура	1
сообразно	1
подростковый	1
искажаться	1
кузнецова	1
контрабандный	1
неспокойный	1
террор	1
философствовать	1
половой	1
бесчестие	1
давыдов	1
непригодный	1
натолкнуться	1
болван	1
приобщение	1
руссо	1
интрепретировать	1
модерный	1
повседневный	1
хлеб	1
замедлять	1
немедленно	1
подорвать	1
выезжать	1
подсказка	1
красноречиво	1
курчатова	1
польскийхудожникиегиптолог	1
проблематичный	1
фольклорный	1
принадлежность	1
вершина	1
радушно	1
опешить	1
производственный	1
ящичек	1
трамвай	1
сатанология	1
прийти	1
щитцовый	1
идентитарный	1
венерический	1
нарисоваться	1
предатель	1
непосредственность	1
сопричастность	1
гпу	1
плюрализм	1
обращенность	1
древнееврейский	1
распевать	1
бесконечность	1
мышка	1
кинохроника	1
утаскивать	1
мистически	1
сквотный	1
отголосок	1
соделать	1
скопировать	1
типический	1
соловьев	1
этнографический	1
пианист	1
аристократия	1
филиация	1
смелость	1
однокоренной	1
метрополис	1
бинарный	1
социолый	1
опасаться	1
украшать	1
погребать	1
феодосия	1
празднование	1
изгонять	1
класть	1
биологический	1
тактический	1
перемешиваться	1
травмировать	1
сбываться	1
воодушевлять	1
плачевный	1
являть	1
более-менее	1
барочный	1
разворачивание	1
лосев	1
дифференцировать	1
воспоследовать	1
парадигма	1
безотказный	1
позорный	1
приниженный	1
флаг	1
детерминированный	1
закодировать	1
купфер	1
кронштадт	1
неточность	1
профетический	1
доверительный	1
продавать	1
тематика	1
неразличение	1
промежуточность	1
мачо	1
объехать	1
термидорианский	1
спарринг	1
кошка	1
эрнст	1
диаспора	1
семинар	1
волшебный	1
чернила	1
комиссия	1
механический	1
брэнд	1
разбазаривать	1
прокоммунистический	1
откомментировать	1
самодержец	1
наяву	1
виноватый	1
дворянский	1
имитировать	1
прикидываться	1
популярный	1
идлис	1
кривляться	1
малознакомый	1
чтофилософскимдебютомодногоизееосновоположник	1
неудовлетворенность	1
дебют	1
хрущевский	1
чаадаева	1
пролонгировать	1
алла	1
значок	1
лейтмотив	1
ньютонианский	1
симулироваться	1
сажать	1
ансамбль	1
навык	1
извод	1
выделяться	1
работоспособный	1
негативность	1
чувствоваться	1
подзабывать	1
пища	1
павлович	1
гоголевский	1
тоталистский	1
классификация	1
воздушный	1
кеплериана	1
преследование	1
кульминация	1
койр	1
авхарьков	1
постулат	1
надконфессиональный	1
нотоносец	1
фотосерия	1
женева	1
стратегический	1
кличка	1
мемуаристка	1
чаадаевский	1
ларка	1
дружелюбный	1
закулисный	1
несравненно	1
девять	1
арматура	1
проблематизировать	1
деконструктивистский	1
диффузный	1
финальный	1
дассен	1
неокантианство	1
картон	1
антипатия	1
петроградский	1
зияние	1
краснеть	1
кухонный	1
соревноваться	1
жесткий	1
однополый	1
памфлет	1
юмористический	1
воспринимиаливаться	1
нью-йорк	1
посоветовать	1
вооружаться	1
наличный	1
приятель	1
пропагандировать	1
гавот	1
доведение	1
поручать	1
ненависть	1
документированный	1
ситуативный	1
теряться	1
администратор	1
стереть	1
теневой	1
отважиться	1
побудить	1
механицизм	1
одинаково	1
возобновлять	1
милетский	1
постановочный	1
безбожник	1
потайной	1
глосса	1
гео	1
гей	1
грек	1
грей	1
почтительность	1
нескрываемый	1
ежели	1
супружеский	1
дикий	1
заголовок	1
либертарианский	1
варшава	1
профессия	1
розовый	1
умонастроение	1
неоднозначный	1
грех	1
вхождение	1
соцлагерь	1
трезенский	1
градус	1
постгофа	1
промозглый	1
местность	1
водный	1
местонахождение	1
прозрение	1
отметина	1
нелепость	1
неосновательный	1
подкрепляться	1
колосс	1
смоделировать	1
клементи	1
периодизация	1
комбинаторный	1
воспитывать	1
лиризм	1
скакать	1
социализация	1
шаткость	1
мрамор	1
мультимедийный	1
пропустить	1
мотивировать	1
созерцать	1
квадрат	1
бык	1
присматривать	1
курьезный	1
рухнуть	1
уповать	1
крепкий	1
уклонение	1
одерживать	1
классицист	1
замужем	1
скандальный	1
лебедка	1
живописный	1
супруга	1
замыкание	1
игорев	1
серьезно	1
символист	1
возненавидеть	1
ковать	1
гришковец	1
изыскание	1
оппонент	1
пробел	1
неуточненный	1
изба	1
сужать	1
аттерб	1
метко	1
космологический	1
угнаться	1
родство	1
прочитываться	1
колонна	1
велосипедный	1
посреднический	1
клименко	1
замирать	1
малоизученность	1
углубляться	1
отрекаться	1
значиться	1
знаменовать	1
эффект	1
яростный	1
оратория	1
непотребный	1
гибкий	1
венгерский	1
прибалтийский	1
наследник	1
беспредельный	1
поддерживаться	1
призрак	1
откровенно	1
тяжело	1
изощренность	1
карлович	1
энзе	1
установление	1
весть	1
ласка	1
вопль	1
генерал	1
ниспровержение	1
аналитически	1
непредсказуемость	1
преграда	1
веселый	1
хир	1
недвусмысленный	1
зачатие	1
растворение	1
светликова	1
исключая	1
супермен	1
настоятельно	1
разочаровывающий	1
равняться	1
окончание	1
старушка	1
чокаться	1
глушилка	1
плясать	1
христологический	1
персона	1
черпать	1
свидание	1
потихоньку	1
антиковед	1
инсценировать	1
ролан	1
надевать	1
лукавство	1
гомера	1
помет	1
розовощекий	1
разряд	1
взяться	1
узкоспециальный	1
обладатель	1
готический	1
раскрашивание	1
паулятиллих	1
кассель	1
аутентичный	1
постулироваться	1
дидактический	1
грандиозный	1
ширма	1
оплевывание	1
неблагонадежность	1
что-либо	1
степан	1
вольфила	1
био	1
заезд	1
председательство	1
послекантовский	1
релевантный	1
дерптский	1
гайдн	1
перелом	1
хантингтон	1
двенадцать	1
равнодушие	1
фантастически	1
созвучие	1
яркий	1
миг	1
новенький	1
масть	1
писарскийчерновикссобственноручнымипометка	1
заканчивать	1
оглядываться	1
бесстрашие	1
металлический	1
взрослый	1
велосипедист	1
догонять	1
пятилетний	1
смута	1
годовщина	1
пробуждение	1
норвегия	1
оформляться	1
отстраивать	1
модус	1
злорадно	1
галстук	1
упрек	1
советник	1
защита	1
попов	1
подле	1
повесить	1
скрытный	1
самоутверждение	1
обида	1
схватка	1
разуметь	1
задействовать	1
текстологически	1
молча	1
малость	1
популистский	1
проявленныйкшеллингуславоемжижек	1
изумительный	1
тома	1
приемлемый	1
процветание	1
поражение	1
бессмысленный	1
наделать	1
по-другому	1
упускаться	1
гослитмузей	1
евгеньевич	1
уловка	1
повсеместно	1
исполняться	1
патриарх	1
благодетельный	1
снятие	1
потуга	1
комиссариат	1
непринужденность	1
укромный	1
уместность	1
восточногерманский	1
конференция	1
торжественно	1
вдумчивый	1
органика	1
прилегать	1
фурс	1
ботанический	1
радио	1
раздражать	1
априорно	1
справочный	1
опрокидывать	1
детерминировать	1
творение	1
естество	1
непринужденный	1
разлом	1
тихо	1
обшаривать	1
нигде	1
подавлять	1
висконсин	1
конкретно	1
утрированный	1
идейно	1
григорьев	1
остранение	1
смысложизненный	1
ничтожность	1
размаскировать	1
перерабатывать	1
перечисление	1
маргинальный	1
весы	1
рывок	1
привязывать	1
мережковский	1
профанация	1
размахивать	1
порок	1
рейнгольд	1
ностальгия	1
подчинение	1
жюль	1
арлекин	1
пфаффа	1
зубрить	1
фарнгаген	1
противопоставляться	1
вменять	1
утопия	1
симбирскогосборник	1
герцогство	1
прозорливость	1
наместо	1
назревать	1
пышный	1
видеться	1
пианистка	1
наполнять	1
мулла	1
долг	1
кольцо	1
ларь	1
москвич	1
андреас	1
удача	1
ени	1
неослабевающий	1
соратник	1
поступаться	1
употребляться	1
ревнивый	1
шиллер	1
прочный	1
кухня	1
ожидаться	1
научно-исследовательский	1
смягчаться	1
перевертывать	1
постулировать	1
большевистский	1
распространять	1
частота	1
простота	1
ургический	1
бестия	1
новатор	1
сплавлять	1
треба	1
священнослужитель	1
сценарный	1
диплом	1
потеря	1
делить	1
срез	1
оборачивать	1
переворот	1
по-старому	1
первозданный	1
подействовать	1
посмертно	1
продукция	1
умозаключение	1
заданный	1
осведомлять	1
склон	1
недемократический	1
волей-неволей	1
рассекать	1
ослаблять	1
фанон	1
сердечный	1
полк	1
ужас	1
осторожно	1
апперцепция	1
родной	1
разобщенность	1
услуга	1
семантический	1
устроение	1
присматриваться	1
отрефлектированный	1
попечение	1
немногочисленный	1
архивист	1
отдельность	1
лютеранство	1
исламофобия	1
многомерный	1
веяние	1
феноменальный	1
насущный	1
атом	1
неотделимый	1
излагаться	1
перефразировать	1
лингвистика	1
эмансипаторный	1
христиан	1
вольфганг	1
емкий	1
климент	1
внутринаучный	1
заходиться	1
позднесоветский	1
предсказание	1
вернуть	1
неимение	1
магометанство	1
переливчатый	1
нашуметь	1
авдотья	1
экономист	1
ассоциировать	1
суета	1
страстно	1
уведомлять	1
эстетик	1
жалование	1
созвучный	1
универс	1
католик	1
структурно	1
сковородка	1
виртуоз	1
заведующая	1
грязноватый	1
оленин	1
страх	1
голуховский	1
пустынь	1
тасовать	1
бакунин	1
несимволический	1
магун	1
швырять	1
показатель	1
засасывать	1
кононов	1
испорченный	1
протокольный	1
дворцовый	1
консенсус	1
зима	1
ликвидировать	1
зрелый	1
боевой	1
никой	1
амбивалентный	1
гейдельбергский	1
благополучно	1
задерживать	1
высокосодержательный	1
щенячий	1
квартира	1
км	1
стальной	1
касательно	1
продумывать	1
параллелизм	1
прозрачность	1
виотти	1
отблеск	1
сейсмически	1
карьерный	1
лютеранский	1
балакин	1
низвергаться	1
конспект	1
интеллигент	1
плакать	1
мастерство	1
строение	1
мятежный	1
осуждаться	1
ульрих	1
пятьдесят	1
теологически	1
модальность	1
ехать	1
необычный	1
кукуруза	1
приблизительный	1
новокрестьянский	1
обвести	1
слагать	1
послегомеровский	1
отравляться	1
непоследовательность	1
собранный	1
сатирический	1
врать	1
радушный	1
двусмысленный	1
разнохарактерный	1
тренироваться	1
перебираться	1
покорство	1
переплетение	1
подолгу	1
несанкционированный	1
аллюзия	1
прыгать	1
приезд	1
производиться	1
уготовать	1
блистательный	1
мифический	1
изъян	1
замыкаться	1
примирение	1
настойчивый	1
финский	1
ухудшение	1
святотатство	1
переосмысление	1
отпадение	1
орегон	1
безо	1
неверный	1
заливать	1
приглушать	1
патетически	1
ректор	1
отменять	1
данила	1
возгонка	1
заметно	1
энциклопедичность	1
петров	1
порекомендовать	1
демчинский	1
ненемецкий	1
интервал	1
дионисодор	1
маркиз	1
нечаянно	1
вселенский	1
признанный	1
искушение	1
прочерчивать	1
одобрительный	1
переводить	1
оружие	1
нездешний	1
неспешный	1
шестидесятилетний	1
древнеримский	1
арена	1
тарту	1
восточноберлинский	1
зарисовка	1
архивовед	1
житейский	1
малое	1
обтекать	1
симптом	1
фатовство	1
наемный	1
несхожий	1
кабира	1
ноготь	1
плюшар	1
непроясненность	1
незаурядный	1
облегчать	1
тщательный	1
всепоглощающий	1
жизель	1
галлюцинация	1
пьяный	1
проверка	1
трансцендентный	1
видимый	1
безжизненный	1
символизм	1
дворец	1
пробуждать	1
реквием	1
поводить	1
дерзновенный	1
всеобщность	1
теоретический	1
просвещать	1
трофей	1
внутрироссийский	1
эссе	1
сожжение	1
ленточка	1
отличительный	1
сленговый	1
даром	1
языческий	1
пограничный	1
арабский	1
ревнитель	1
сбрасывать	1
порочный	1
многобожие	1
строев	1
замирание	1
временно	1
привлечение	1
вещица	1
бердяев	1
зрительный	1
солидно	1
раздражение	1
терпимо	1
неравенство	1
обедать	1
прагматика	1
партиципация	1
нервозность	1
результативный	1
уметь	1
языкознание	1
сбросить	1
любимый	1
эмблематический	1
затаенный	1
диковинный	1
страдание	1
самополагание	1
догматизм	1
вероисповедание	1
горбунок	1
лирический	1
пролетарский	1
трезво	1
процессия	1
портланд	1
закольцовывать	1
межкультурный	1
контактировать	1
сапонова	1
заманивать	1
одновременность	1
хмыканье	1
линейный	1
прекращать	1
мелкий	1
компаративный	1
внепарламентский	1
признательный	1
турецкий	1
иностранец	1
фантастический	1
вышка	1
взволновать	1
переосмысливаться	1
деятельно	1
дебаты	1
широкоохватный	1
слюни	1
респектабельный	1
тренировочный	1
мифол	1
обнимать	1
боксерский	1
сталинский	1
бравый	1
организованный	1
сметь	1
иконография	1
лаконичный	1
стягивание	1
исключительность	1
студеный	1
колдовство	1
хвала	1
удачно	1
эссеист	1
одаренный	1
мерзлота	1
славный	1
скромность	1
догнать	1
луна	1
смета	1
адаптант	1
цельный	1
полдень	1
внимательный	1
подвизаться	1
потреблять	1
стан	1
соотечественник	1
неукоснительно	1
гершенкрон	1
низменный	1
хромой	1
садиться	1
организационно-технический	1
зерно	1
контур	1
контекстуализация	1
содружество	1
антирелигиозность	1
разглядеть	1
возобновление	1
милуоки	1
мистифицировать	1
самоумаление	1
медлить	1
ущерб	1
умывать	1
инкорпорировать	1
