шеллинг	1
зедергольм	1
тургенев	1
уваров	1
левый	1
конек	1
шеллинговский	1
кеплер	1
джемаль	1
шпора	1
шуман	1
фриш	1
красный	1
вы	1
крейцер	1
кузмин	1
зритель	0
ислам	0
мюнхен	0
михайлов	0
откровение	0
баварский	0
мистерия	0
прошлое	0
сапонов	0
вагнер	0
фотография	0
фильм	0
герой	0
нанси	0
август	0
копп	0
просьба	0
переписка	0
революция	0
борис	0
символ	0
пастор	0
архив	0
действие	0
курс	0
правый	0
игра	0
изображение	0
субъект	0
министр	0
суверенитет	0
визит	0
кеппен	0
белоус	0
самофракийский	0
стих	0
вольфил	0
совсем	0
полемика	0
термин	0
греческий	0
чаадаев	0
божество	0
хаак	0
свидетельствовать	0
чувство	0
манускрипт	0
подробный	0
марксистский	0
революционный	0
тип	0
переговоры	0
кристо	0
библиотека	0
трактат	0
поддержка	0
способ	0
посредник	0
римма	0
гете	0
погодина	0
президент	0
кеппный	0
корреспондент	0
эрланген	0
встречаться	0
способный	0
фосс	0
тайна	0
иванов	0
публичный	0
рейхстаг	0
исследовательский	0
музыкант	0
множественный	0
революционер	0
идентичность	0
социализм	0
белый	0
лара	0
уходить	0
снимать	0
чистый	0
рукописный	0
про	0
баня	0
тайный	0
знамя	0
пойти	0
ж	0
киреевский	0
мюнхенский	0
ноябрь	0
комментатор	0
фотограф	0
очевидный	0
осуществление	0
аффект	0
кернелл	0
жертва	0
петр	0
шеллингианство	0
арт	0
мифологический	0
дица	0
музыка	0
ленин	0
бомж	0
освобождение	0
фихт	0
тождество	0
способность	0
похожий	0
взаимодействие	0
господство	0
производство	0
тютчев	0
рабочий	0
голова	0
роман	0
интенсивный	0
самость	0
кеплеровский	0
по-немецки	0
аргумент	0
соображение	0
императорский	0
мейендорф	0
литератор	0
клоссиус	0
фридрих	0
миндадзе	0
сцена	0
скрипач	0
институциональный	0
должность	0
предчувствие	0
подлинный	0
транзистор	0
оказывать	0
доставлять	0
море	0
осуществлять	0
зять	0
король	0
вода	0
персонологический	0
велланский	0
записка	0
нормальный	0
деррида	0
спутник	0
экз	0
зеркало	0
иоганн	0
граф	0
улица	0
интервью	0
полет	0
болезнь	0
отчуждение	0
гейдар	0
сценарий	0
устный	0
протестантизм	0
барон	0
иностранный	0
буквально	0
тело	0
параллель	0
линия	0
печатный	0
переживать	0
способствовать	0
прозаик	0
значит	0
класс	0
университетский	0
инициатива	0
сущий	0
посещать	0
ор	0
горизонт	0
гулыга	0
алексей	0
выставка	0
жертвенность	0
шнурок	0
санкт-петербургский	0
предметность	0
почитать	0
воспоминание	0
протестантский	0
рогов	0
осповатый	0
образование	0
собственность	0
мемуарист	0
обусловливать	0
этический	0
спустя	0
свойственный	0
натурфилософский	0
отказываться	0
трактовка	0
разумник	0
йозеф	0
окружение	0
исчезать	0
объясняться	0
преподавательский	0
следить	0
вставать	0
симпатия	0
прояснять	0
православие	0
помнить	0
потенциал	0
наряду	0
вена	0
функция	0
высказывать	0
обычно	0
заявлять	0
биограф	0
прошение	0
неопубликованный	0
смотреть	0
дионис	0
издатель	0
сахаров	0
светликовый	0
существенно	0
вспомнить	0
демократический	0
давид	0
ученик	0
слушательский	0
завет	0
виленский	0
предисловие	0
лурье	0
посетитель	0
азадовский	0
целиком	0
преподавать	0
двойник	0
дипломат	0
распространение	0
образец	0
подтверждение	0
мотивация	0
заключение	0
шеллингианский	0
вильгельм	0
обезьяна	0
чудо	0
учебный	0
повлиять	0
раумер	0
библейский	0
нонна	0
шведский	0
котт	0
душа	0
вольф	0
былой	0
кузен	0
излагать	0
барсуков	0
гумбольдт	0
субстанция	0
йена	0
вроде	0
фейерверк	0
поставлять	0
благосклонный	0
голос	0
сопутствующий	0
аналогичный	0
сопротивление	0
преимущественно	0
следовательно	0
маркс	0
посредством	0
режиссер	0
визуальный	0
эрлангенский	0
обязательно	0
бавария	0
гораздо	0
пребывание	0
тургеневский	0
студенческий	0
буржуазный	0
максимилиан	0
придавать	0
катков	0
наоборот	0
разделение	0
путевой	0
из-за	0
примеч	0
авраамический	0
исходный	0
шлегель	0
ч	0
пустота	0
вырастать	0
цветной	0
равенство	0
эпистолярный	0
прояснивать	0
маяк	0
эстетический	0
июнь	0
останавливаться	0
указатель	0
объект	0
почитатель	0
цветок	0
карлсбад	0
воззрение	0
храниться	0
небо	0
кадр	0
детский	0
телеграф	0
слушатель	0
сетовать	0
социалист	0
евгений	0
прилагать	0
блок	0
аналитика	0
мораль	0
услада	0
композиция	0
восходить	0
коммунизм	0
возвращаться	0
разрыв	0
любовный	0
маленький	0
посыл	0
регулярный	0
население	0
прокофьев	0
изучать	0
роберт	0
лекционный	0
переезд	0
манера	0
пролетариат	0
пророк	0
тиц	0
веневитин	0
прусский	0
пассионарный	0
распад	0
параллельный	0
метафора	0
реляционный	0
суть	0
определение	0
карла	0
целостность	0
этикет	0
велосипед	0
негри	0
привыкать	0
женщина	0
изготовление	0
ясный	0
прикладывать	0
ласт	0
туман	0
складка	0
археолог	0
ностальгический	0
цвет	0
кино	0
орргб	0
лишний	0
крыло	0
тирша	0
генрих	0
субъективность	0
коммуникация	0
сборник	0
распоряжение	0
ссср	0
гуссерль	0
горький	0
возвращать	0
дневниковый	0
персонально	0
пара	0
мыслить	0
юрий	0
буква	0
переворачивание	0
клара	0
подлинность	0
прочее	0
журналист	0
задание	0
минимализм	0
каталог	0
письменный	0
объединение	0
исламский	0
сша	0
приглашение	0
зона	0
иудаизм	0
шада	0
тоталитарный	0
неделя	0
бунт	0
различать	0
присвоение	0
семестр	0
выписка	0
ставить	0
афоризм	0
художество	0
задавать	0
фашистский	0
обходить	0
археологический	0
майор	0
странный	0
мгновенный	0
поезд	0
эзотерический	0
родченко	0
дабы	0
поступать	0
китч	0
богомолов	0
кузнечик	0
обсерватория	0
германн	0
страсть	0
точность	0
смена	0
братство	0
ран	0
тетка	0
защищать	0
римский	0
суверенный	0
капитализм	0
игорь	0
онтологический	0
мусульманин	0
правдоподобие	0
хотеться	0
невидимый	0
плюс	0
возраст	0
почерпать	0
батай	0
ночь	0
редактор	0
коллектив	0
пугать	0
держаться	0
парадоксальный	0
отделение	0
авторский	0
абсолютно	0
холодный	0
штрих	0
эманация	0
преодолевать	0
вяземский	0
большевик	0
саси	0
присылать	0
продолжительный	0
глобальный	0
секрет	0
пустой	0
ленинизм	0
порт	0
сложно	0
рекомендация	0
ассоциация	0
воспользоваться	0
датировать	0
содействовать	0
переплетаться	0
ставка	0
окружающий	0
галич	0
отражение	0
народник	0
посланник	0
осмеливаться	0
отчет	0
конфессиональный	0
окен	0
быт	0
красивый	0
кокто	0
мужчина	0
исключительный	0
натурфилософия	0
посредничество	0
адепт	0
акция	0
привязанность	0
случаться	0
прослушивать	0
говориться	0
демократизация	0
препровождать	0
монография	0
карточка	0
называться	0
немецкоязычный	0
избирать	0
экземпляр	0
деметра	0
астрономический	0
погибать	0
сильвестр	0
выясняться	0
восток	0
постсоветский	0
трудность	0
богословие	0
пол	0
слой	0
чудовище	0
разыскание	0
проливать	0
естественно	0
индивид	0
стурдза	0
аналитический	0
декабрь	0
избранничество	0
теснота	0
ханс	0
собирательный	0
добросовестный	0
трагический	0
код	0
плоскость	0
гомосексуальный	0
русскоязычный	0
декадентский	0
ботинок	0
научаться	0
отчего	0
неспособность	0
рассчитывать	0
шпор	0
прогрессивный	0
заглавие	0
каподистрий	0
вальтер	0
всемирный	0
богословский	0
отрабатывать	0
странно	0
гердер	0
порыв	0
столовая	0
кончина	0
считаться	0
география	0
инициировать	0
концерт	0
меж	0
читаться	0
видео	0
деконструкция	0
доктор	0
сформировывать	0
чистота	0
разворачивать	0
бервальд	0
кончаться	0
доносить	0
большевизм	0
колокол	0
бюлер	0
спина	0
фуражка	0
неизвестно	0
аспирант	0
фурманс	0
рифф	0
оценочный	0
приезжать	0
гроб	0
трата	0
либерализм	0
пренебрежение	0
идентификация	0
противопоставление	0
откликаться	0
удостоить	0
диссертация	0
норвежский	0
мотивированный	0
метр	0
веневитиновый	0
сколько-нибудь	0
сексуальный	0
узелок	0
разработка	0
связанность	0
тимофеев	0
монада	0
моральный	0
сакральный	0
выводить	0
внятно	0
вкус	0
вольфиловец	0
оговорка	0
камера	0
становление	0
демократичность	0
северин	0
абстрактный	0
старик	0
кузминский	0
цикл	0
характеризовать	0
скажем	0
тонкий	0
коэффициент	0
церковный	0
комментаторский	0
превосходительство	0
обременять	0
сюжетный	0
ну	0
сенковский	0
тоска	0
зафиксировать	0
восторг	0
каста	0
барокко	0
ежегодник	0
эрудиция	0
партнер	0
тирш	0
догадка	0
пристрастие	0
фальшивый	0
непостижимый	0
каторжный	0
подозревать	0
филология	0
скрывать	0
традиционный	0
избыток	0
древнегреческий	0
пожелание	0
изобретать	0
все-таки	0
модернизм	0
ресторан	0
страшный	0
размежевание	0
восстание	0
узкий	0
социальность	0
баадер	0
замыкать	0
контроверза	0
з	0
перемена	0
комната	0
подумать	0
восточный	0
возражать	0
голубой	0
причастность	0
обмениваться	0
расчет	0
разрушение	0
пятница	0
авангард	0
классовый	0
концептуальный	0
штутгартский	0
демократия	0
лента	0
получаться	0
проч	0
проф	0
проводиться	0
пустарнаков	0
выделять	0
спор	0
павлов	0
совокупность	0
циркуляция	0
преодоление	0
воедино	0
евразиец	0
праздник	0
хоронить	0
ведущий	0
елена	0
доброкачественность	0
сбор	0
коммуникативность	0
вражеский	0
погодин	0
текстологический	0
наверняка	0
космический	0
монарх	0
сено	0
сень	0
пресловутый	0
скифский	0
юркун	0
брошюра	0
параллельно	0
конфессия	0
расстояние	0
секретарь	0
достоверный	0
доводиться	0
испытание	0
предназначение	0
андрей	0
исчерпывать	0
генеральный	0
азиатский	0
выдержка	0
плавбаза	0
каковой	0
последователь	0
симулировать	0
прекрасно	0
рекомендовать	0
пензин	0
космонавт	0
сфера	0
очерчивать	0
нарушать	0
культурно	0
корабль	0
марксист	0
солдат	0
обо	0
евангелический	0
жуковский	0
барт	0
столица	0
виельгорский	0
агамбен	0
сапоновский	0
солнце	0
постановка	0
уничтожать	0
триада	0
распределение	0
простодушный	0
предпосылка	0
шкловский	0
уваровский	0
пользование	0
индивидуалистический	0
русый	0
эмблема	0
бумажный	0
баптист	0
близко	0
гейдельберг	0
сумерки	0
земной	0
поэтика	0
пересказ	0
франция	0
интегрировать	0
неработающий	0
систематический	0
снабжать	0
жест	0
тупик	0
нравственный	0
заведующий	0
гиз	0
однообразный	0
декаданс	0
материалистический	0
умный	0
муза	0
приписывать	0
полезный	0
крушение	0
эрос	0
юрист	0
отвергать	0
шумихин	0
комитет	0
стратегия	0
подтверждаться	0
обоснование	0
типография	0
дочь	0
сочувствовать	0
современность	0
персонаж	0
стилистический	0
облекать	0
политически	0
америка	0
мусульманский	0
латынь	0
посредство	0
расширять	0
общаться	0
красота	0
непонимание	0
пережитое	0
проницательный	0
заходить	0
невольно	0
притязание	0
полететь	0
федор	0
окрашивать	0
понт	0
техника	0
доставка	0
первосвященник	0
богатство	0
фашизм	0
слышный	0
десять	0
подымать	0
эрозия	0
падение	0
сочинять	0
гааз	0
альбрехт	0
корпорация	0
министерство	0
личной	0
честь	0
нежный	0
центрифуга	0
протекать	0
питать	0
сталь	0
каменский	0
голый	0
навязнуть	0
востоковед	0
онтология	0
здоровый	0
господствующий	0
дружный	0
машина	0
остап	0
диван	0
видение	0
употребление	0
подтекст	0
неудивительный	0
любовник	0
музей	0
противостояние	0
синий	0
значительно	0
удерживать	0
протекция	0
повесть	0
начинание	0
булгаков	0
нищета	0
поп	0
неизбежный	0
лейтенант	0
черновик	0
процитировать	0
неофициальный	0
неудавшийся	0
четко	0
акцент	0
знаток	0
скупой	0
сало	0
прижизненный	0
комплекс	0
латиноамериканский	0
строго	0
троцкий	0
ровесник	0
совокупный	0
искренность	0
баланс	0
мистериальный	0
еллинг	0
равно	0
соч	0
аналогия	0
подхватывать	0
гуманизм	0
заинтересовывать	0
вундт	0
семя	0
плечо	0
сходство	0
редкий	0
уварова	0
обряд	0
темный	0
левизна	0
индивидуализм	0
цеховой	0
поверхность	0
вигель	0
жорж	0
несовместимый	0
согласоваться	0
заочный	0
благо	0
иудей	0
уверять	0
особа	0
иванович	0
вече	0
овладевать	0
трижды	0
кавказский	0
грезить	0
достояние	0
формулировка	0
положительно	0
сталинизм	0
сравнивать	0
подчинять	0
извлекать	0
сбиваться	0
снисходительный	0
неотложный	0
явственно	0
финансовый	0
здравый	0
антология	0
созерцание	0
ссылаться	0
враг	0
врач	0
фильд	0
держава	0
образованный	0
альбом	0
башня	0
формула	0
поглощать	0
крым	0
гастроль	0
универсальность	0
ответный	0
прекрасный	0
дифференцированный	0
пятидесятый	0
цензура	0
сообща	0
тишина	0
спать	0
вакуум	0
взаимный	0
тройной	0
служение	0
петровская	0
польша	0
перечисленный	0
изумление	0
ян	0
композиционный	0
действующий	0
содействие	0
известность	0
мурманск	0
летный	0
молодость	0
приближаться	0
конструкт	0
гуманист	0
загадка	0
пантеизм	0
нарочитый	0
вряд	0
спасать	0
гимназия	0
сотня	0
внеинтеллектуально	0
консультироваться	0
примыкать	0
вдаваться	0
сплав	0
скиф	0
интонационный	0
педагог	0
закреплять	0
лед	0
якобы	0
актуальность	0
социалистический	0
драматургия	0
хор	0
разрушительный	0
политико-экономический	0
аналог	0
догомеровский	0
оп	0
вяч	0
чувственность	0
апперципировать	0
свыше	0
минойский	0
рихтер	0
левченко	0
догма	0
титов	0
удвоение	0
кабиров	0
спортсмен	0
бессмертный	0
побеждать	0
усик	0
нетерпимость	0
ценить	0
квалификация	0
мнимость	0
товарный	0
спортивный	0
администрирование	0
вниз	0
фонема	0
старческий	0
продвигаться	0
сначала	0
добиваться	0
бендер	0
преклонение	0
связка	0
уважаемый	0
перевешивать	0
зелинская	0
формализм	0
первопричина	0
извне	0
посадить	0
дилетант	0
теперешний	0
панополитанский	0
половцова	0
ледяной	0
реалистический	0
сегодняшний	0
предательство	0
кернер	0
трансцендентальный	0
огласка	0
сверхзадача	0
засвидетельствовать	0
регистр	0
послесловие	0
жизненный	0
сочетаться	0
заинтересованный	0
сопоставление	0
казань	0
рудица	0
расцвет	0
популяризация	0
трон	0
оппозиция	0
шествие	0
географ	0
вишневецкий	0
смирнова	0
многодетный	0
тренер	0
экипаж	0
хранитель	0
франкфуртский	0
психологический	0
шаблон	0
келер	0
экзотерический	0
океан	0
исаак	0
составление	0
дружинник	0
мечтать	0
серьезность	0
консолидировать	0
март	0
заворачивание	0
руководство	0
скептически	0
дискурсивный	0
зеленый	0
формалист	0
забвение	0
первенство	0
обобщать	0
живопись	0
артур	0
осколок	0
диалектика	0
швед	0
платформа	0
настигать	0
валерий	0
книжный	0
юстинус	0
натурфилософ	0
кустанай	0
образованность	0
астрономия	0
тотальность	0
переписываться	0
проигрывать	0
манцов	0
головокружительный	0
ношение	0
восстановление	0
лестный	0
публикатор	0
бадья	0
социологический	0
моисей	0
вып	0
стиховой	0
душевный	0
констелляция	0
хайдеггеровский	0
позор	0
совпадать	0
гомер	0
насыщенность	0
славянофильский	0
весна	0
тюбинген	0
отворять	0
отстраненно	0
круа	0
похвала	0
держать	0
прятаться	0
вестник	0
близкие	0
плотина	0
потребление	0
выпускать	0
междисциплинарный	0
сидеть	0
оригинальность	0
чуть	0
максим	0
пирамида	0
визуальность	0
маститый	0
усложнять	0
опасный	0
деструкция	0
армия	0
достигаться	0
плитта	0
шлем	0
оборотничество	0
превозносить	0
очертание	0
жениться	0
артистический	0
первое	0
рихард	0
публ	0
гражданин	0
предвосхищать	0
отчетливый	0
шубинский	0
задумываться	0
очищение	0
гавно	0
условный	0
монополия	0
столкновение	0
продиктовать	0
рационально	0
направляться	0
выносить	0
разбойник	0
прилежный	0
довод	0
желательный	0
вюрцбургский	0
пролетаризировать	0
мыслимый	0
переводческий	0
союзник	0
обнаруживаться	0
расклад	0
боль	0
строгий	0
вюрцбург	0
бросать	0
дипломатический	0
пропагандист	0
мелодический	0
фотографический	0
где-то	0
десяток	0
хомяков	0
многозначность	0
зорин	0
седой	0
надеждин	0
развертываться	0
волна	0
антропологический	0
древневосточный	0
предсказывать	0
пфафф	0
ревекка	0
ориентироваться	0
стоимость	0
мирный	0
промежуток	0
стройный	0
сознавать	0
цепь	0
питаться	0
рациональный	0
антуан	0
произвол	0
предчувствовать	0
текущий	0
попечитель	0
генезис	0
паулюс	0
выразительный	0
фокусник	0
субъективистский	0
профессионально	0
грядущий	0
развернутый	0
качели	0
исчерпывающий	0
коллапс	0
реализоваться	0
явь	0
кричать	0
остроумный	0
заметный	0
плеханов	0
гипотеза	0
потенциальный	0
независимо	0
провинция	0
достижимый	0
напряженность	0
агрессивный	0
запрет	0
здешний	0
хранение	0
перемещение	0
сплетение	0
впечатляющий	0
терять	0
эксперимент	0
непонятный	0
лейпциг	0
кафе	0
ясперс	0
диспозиция	0
прозвище	0
абдрашитов	0
оборачиваться	0
академик	0
переступать	0
оригинальный	0
полагание	0
презумпция	0
юра	0
вокальный	0
благосклонно	0
плавать	0
обработка	0
хождение	0
парад	0
уклад	0
студенчество	0
фрумкин	0
антагонизм	0
чемоданчик	0
резвый	0
по-своему	0
кафоличность	0
похороны	0
телескоп	0
дождаться	0
готтхильф	0
светлый	0
глубина	0
владеть	0
медик	0
неблагосклонный	0
отличать	0
наследство	0
убийство	0
еванг	0
нацист	0
пытливый	0
сосуществовать	0
решающий	0
верх	0
глобализация	0
осень	0
ясность	0
неотъемлемый	0
непроявленный	0
компания	0
продажа	0
сиюмгновенный	0
глубоко	0
завороженный	0
ус	0
йоганнес	0
видимость	0
переопределение	0
курсы	0
египтолог	0
заботиться	0
совмещение	0
жирмунский	0
разбивать	0
сомов	0
угроза	0
изъявлять	0
католицизм	0
пожалеть	0
усваивать	0
ложь	0
конструктивистский	0
психологизм	0
выдвигаться	0
преобладать	0
смех	0
доход	0
обэт	0
высокопоставленный	0
сорокин	0
воспроизведение	0
предложение	0
почерк	0
реформатский	0
прообраз	0
безусловный	0
фрагментарный	0
захотеться	0
тынянов	0
шеллингизм	0
аппарат	0
сталкиваться	0
лавров	0
ободрять	0
независимость	0
пародийный	0
миронов	0
шеллинговедение	0
впадать	0
звук	0
репрессия	0
вызов	0
штейнберг	0
официантка	0
энтузиастический	0
веский	0
героический	0
самоубийство	0
поведение	0
монжела	0
тамошний	0
подрывать	0
антигегельянский	0
пренебрегать	0
сформулировать	0
блаженный	0
постмарксистский	0
повязка	0
пестреть	0
дважды	0
подпись	0
прагматический	0
приятный	0
жермена	0
дешевый	0
комбинация	0
хватать	0
благодатный	0
распространяться	0
запах	0
банальность	0
инсценировка	0
лодер	0
истолкование	0
присылка	0
вагнеровский	0
попутчик	0
излишне	0
трудиться	0
вячеслав	0
вслух	0
жалкий	0
соблазн	0
госпожа	0
конфигурация	0
богослов	0
тристан	0
укоренять	0
прочь	0
скучный	0
театр	0
экзистенциальный	0
древность	0
поворот	0
стилизованный	0
изумрудный	0
всячески	0
обитатель	0
треугольник	0
биополитический	0
масонский	0
владычество	0
угадывать	0
разуметься	0
улыбаться	0
некогда	0
секция	0
лозунг	0
задворки	0
неконкретный	0
крик	0
добрый	0
подвал	0
насильственный	0
антонио	0
назначать	0
предшественник	0
безумец	0
праздничный	0
восточнохристианский	0
рекомендательный	0
пропасть	0
расхождение	0
маска	0
кормить	0
позитивный	0
взаимосвязанный	0
провинциальный	0
экономика	0
пидарас	0
по-французски	0
заручаться	0
искусствовед	0
профессура	0
королевский	0
доноситься	0
развязывать	0
редко	0
исповедальный	0
плагиат	0
вектор	0
соотносить	0
чай	0
тепло	0
добро	0
поехать	0
воображение	0
субкультура	0
четырнадцатитомный	0
прочтение	0
плюрализация	0
постараться	0
флирт	0
характерно	0
фуко	0
двадцатилетний	0
воспрепятствовать	0
стеффенс	0
валлерстайн	0
экономия	0
административный	0
генеалогический	0
зачем	0
голубинский	0
масштабный	0
повар	0
мифологизировать	0
пресса	0
обозрение	0
замкнутость	0
октябрь	0
лары	0
смещаться	0
недооценка	0
бурный	0
гармонично	0
премия	0
аукцион	0
годиться	0
вытекать	0
благотворный	0
гуманитарный	0
монотеизм	0
награда	0
бросаться	0
мухаммед	0
ироничный	0
нквд	0
бороться	0
сопоставлять	0
обязывать	0
ознакомление	0
язвительный	0
сознательный	0
обвинять	0
перекликаться	0
связываться	0
форум	0
головина	0
правильно	0
индийский	0
семинарист	0
разнообразие	0
бытовой	0
следствие	0
чиновник	0
угасать	0
социолог	0
фото	0
бум	0
половцов	0
царь-колокол	0
античность	0
трезвый	0
прояснение	0
универсальный	0
поистине	0
дипломатия	0
паулина	0
впитывать	0
трансформация	0
критицизм	0
кровь	0
сергеевич	0
каутский	0
кагарлицкий	0
жан	0
берштейн	0
хейн	0
смело	0
проповедник	0
уясняться	0
внешне	0
педагогический	0
естественно-научный	0
планомерный	0
номинально	0
располагаться	0
доверять	0
заполнять	0
семейство	0
кирыч	0
оттенок	0
гомосексуальность	0
предопределять	0
вчастность	0
соприкосновение	0
тард	0
ер	0
телеграфный	0
срок	0
унылый	0
бразилия	0
интенсивно	0
выхватывать	0
публиковаться	0
рггу	0
опус	0
увеличивать	0
выходной	0
высота	0
повествование	0
ловить	0
талант	0
одинаковый	0
промышленный	0
житель	0
иосиф	0
однозначно	0
прощание	0
сохранность	0
обрисовывать	0
вскрывать	0
откуда	0
илона	0
неолиберальный	0
миротворение	0
отечество	0
морской	0
наглядный	0
фараон	0
патриотически	0
обнародование	0
шифровка	0
догматический	0
полевой	0
компонента	0
резкий	0
никуда	0
применяться	0
приближать	0
фиксировать	0
кардинальный	0
усугубляться	0
таллин	0
простодушие	0
проза	0
герцен	0
спрятать	0
размывание	0
самофракия	0
пассивность	0
объемный	0
нога	0
край	0
идеолог	0
розанов	0
агония	0
снискивать	0
избивать	0
трехтомник	0
отпечаток	0
предрассудок	0
непривычный	0
преподавание	0
строиться	0
ущербный	0
соглашаться	0
че	0
дурылин	0
грубый	0
изрядный	0
ш	0
сюда	0
остро	0
сарказм	0
двусторонний	0
удовлетворять	0
произвольный	0
профессорство	0
фолиант	0
вживе	0
элита	0
потрясать	0
венеция	0
аттракцион	0
анонимность	0
служба	0
противник	0
цветочек	0
оговаривать	0
переть	0
жертвенный	0
выбрасывать	0
письмоот	0
референтный	0
вой	0
словом	0
новонайденный	0
разрывать	0
просветительский	0
концепт	0
отводиться	0
хартман	0
сперва	0
походить	0
комментирование	0
крышка	0
делез	0
тянуться	0
сотворение	0
кожанка	0
прима	0
миф	0
новооткрытый	0
конкуренция	0
порода	0
восполнение	0
пестрый	0
галина	0
парламентский	0
заимствовать	0
оцениваться	0
швейкарт	0
переоценивать	0
нюансировка	0
примечательный	0
поначалу	0
извлечение	0
фоновый	0
император	0
косвенный	0
исчерпываться	0
зрелище	0
тетрактида	0
смещать	0
палец	0
неподдельный	0
расхожий	0
сомневаться	0
мастерская	0
влюбленность	0
полярность	0
тепидарий	0
славянофил	0
тогдашний	0
оборачивание	0
царить	0
поспешить	0
гинзбург	0
заводить	0
медико-хирургический	0
сотрудничать	0
многообразно	0
идентичный	0
божий	0
интеллигентский	0
запрашивать	0
округ	0
императив	0
отсылка	0
престол	0
аффективный	0
внутренне	0
облик	0
звездный	0
изобразительный	0
оксана	0
абсолют	0
действенный	0
шедевр	0
вынужденный	0
разрешение	0
покровительство	0
расплывчатый	0
акт	0
обыкновенный	0
самобытный	0
удаление	0
обстоятельный	0
аллегорический	0
сказка	0
детство	0
антисимволический	0
кривой	0
орудие	0
позади	0
нелепый	0
естествоиспытатель	0
ресторанный	0
отвлеченный	0
дисциплинарный	0
жертвоприношение	0
плод	0
интерпретатор	0
андреев	0
подвергаться	0
набросок	0
ориентация	0
шуберт	0
жажда	0
научно	0
попросту	0
зачастую	0
послужить	0
привлекательный	0
завершать	0
антигегелевский	0
субстанциальный	0
получение	0
опровергать	0
постав	0
этимология	0
договоренность	0
долго	0
кадровый	0
вводить	0
именовать	0
сливаться	0
февраль	0
эффективность	0
усомниться	0
посреди	0
надобный	0
фалес	0
грузчик	0
ольга	0
пристально	0
георг	0
захлестнуть	0
обижаться	0
единица	0
распутник	0
переусложнить	0
индоевропеистика	0
дуня	0
иносказательность	0
неприличный	0
апофеоз	0
несметный	0
даровать	0
уместный	0
цпкио	0
телевизор	0
тампере	0
перерастать	0
красить	0
престижный	0
коммуна	0
минимальный	0
лояльность	0
щерба	0
бормотание	0
сенатор	0
жозеф	0
гарантировать	0
поверх	0
топоров	0
отметина	0
космонавтика	0
спортзал	0
по-моему	0
несмываемый	0
труба	0
гран-при	0
вчитываться	0
бедро	0
глядеть	0
ощущаться	0
влажный	0
допуск	0
старец	0
зверев	0
доклад	0
мозг	0
ассоциироваться	0
ослабевать	0
пестрота	0
бесповоротный	0
плеск	0
вытеснять	0
антрополог	0
основополагающий	0
запрос	0
поп-арт	0
хардт	0
укладывать	0
мухаммад	0
депрессивный	0
заграничныйпаспортзедергольмасохранилсясредиегобумага	0
трудящийся	0
шутка	0
дешифровка	0
основоположение	0
незабвенный	0
выживать	0
самонепонимание	0
отодвигаться	0
механика	0
устраивать	0
уточнение	0
сомнительный	0
пятый	0
комплект	0
лебедка	0
сост	0
накопление	0
политеизм	0
прорыв	0
мелодия	0
хлебников	0
стеснительный	0
опережать	0
постижимый	0
гордость	0
вплотную	0
штучка	0
тит	0
пфлейдерер	0
трава	0
лимбах	0
александровский	0
финляндия	0
имманентность	0
масло	0
решительный	0
неподлинность	0
собщество	0
вслушиваться	0
вычет	0
заглядывать	0
довоенный	0
барельеф	0
вращение	0
мужской	0
популярность	0
посему	0
патерик	0
полис	0
узурпировать	0
отлучать	0
веровать	0
богочеловек	0
втайне	0
спонтанно	0
прокл	0
повторение	0
ванеянин	0
волнение	0
змеиный	0
эстафета	0
отзвук	0
исчезновение	0
шумейко	0
угрожать	0
единоначалие	0
гласить	0
носитель	0
мудрый	0
наговаривать	0
чествовать	0
пускай	0
пожилой	0
вперемешку	0
ограниченность	0
одновременный	0
охотно	0
сор	0
подача	0
парламентаризм	0
неформальный	0
приоритет	0
сон	0
обратимый	0
инфернальный	0
разгул	0
мультипликационный	0
капать	0
искусный	0
спасибо	0
окончательный	0
куча	0
социально-экономический	0
геттинген	0
лепет	0
остров	0
предъявляться	0
саллюстия	0
ленинградский	0
бегло	0
доставляться	0
отправной	0
эпопея	0
объемистый	0
хаус	0
недостача	0
противоречить	0
казачий	0
узнаваться	0
пересылать	0
стадия	0
подменивать	0
пучина	0
восклицать	0
нетрудно	0
повсюду	0
драматизм	0
ущерб	0
историзм	0
зашифровывать	0
сюита	0
чередоваться	0
чопорный	0
причастный	0
читаемый	0
теолог	0
критиковать	0
осознавать	0
утерять	0
недооценивать	0
карьер	0
квадратичный	0
противостоящий	0
давность	0
хронологически	0
несовпадение	0
сингулярность	0
слог	0
затрата	0
доцент	0
атлантида	0
откладывать	0
мальчик	0
чей-то	0
гордиться	0
серебряный	0
предреволюционный	0
наивность	0
процессуальность	0
щека	0
излишество	0
утрата	0
модно	0
сизый	0
проживать	0
пробежка	0
живописный	0
встраивать	0
леда	0
неодадаизм	0
коссаковский	0
заинтересовываться	0
иллюзорность	0
цыганов	0
полка	0
выстраивать	0
оттуда	0
риторический	0
хельсинки	0
насыщаться	0
скованный	0
камео	0
лапицкий	0
семантика	0
сопровождение	0
рэди	0
упорный	0
уничтожение	0
объявляться	0
декадент	0
недостаточность	0
откровенность	0
зеркальный	0
танатография	0
узы	0
эсер	0
вежливость	0
плотный	0
платонически	0
просветитель	0
избранность	0
криптокатолицизм	0
поднатореть	0
завеса	0
гегелист	0
каталожный	0
батать	0
патриотический	0
историко-культурный	0
коп	0
поза	0
наименее	0
бесконечно	0
самодифференцирование	0
спиритуалистический	0
прочувствование	0
сувчинский	0
куниллингус	0
благосклонность	0
каток	0
буржуазия	0
акцентироваться	0
выкладывать	0
уважать	0
улыбчивый	0
отстранять	0
хорст	0
взаимообусловливать	0
смежный	0
елизаветинский	0
имп	0
вкрапление	0
организованность	0
разъяснение	0
неявный	0
пропадать	0
незамыкание	0
багажник	0
индикатор	0
занавес	0
законный	0
неоплатонический	0
коннотация	0
вероятность	0
печатно	0
неблагоприятный	0
наезд	0
осложняться	0
стержень	0
национализм	0
шелуха	0
ишеллингакмейндорфуот	0
властвовать	0
кремль	0
запретный	0
хрестоматийный	0
минералогия	0
изнутри	0
смягчать	0
сгорать	0
молдавия	0
коммиссаржевская	0
коллективистский	0
воинственный	0
развязываться	0
гаевский	0
пеласг	0
геополитика	0
ошибаться	0
неотразимый	0
эскиз	0
хмыканье	0
несистематичность	0
пропагандироваться	0
батюшкова	0
нарекание	0
письмамипасторакклоссиус	0
никейский	0
удорожаться	0
оссиан	0
расставание	0
продвижение	0
дружить	0
нормативность	0
развлекалово	0
адекватность	0
эка	0
предо	0
умолкать	0
обязательный	0
таинственный	0
каркас	0
крепостной	0
синтаксический	0
соэг	0
чикагский	0
украдкой	0
сказочный	0
усиление	0
зрелость	0
дотоль	0
рефлексивный	0
громко	0
прибавочный	0
длительность	0
безвестный	0
вернадский	0
взыскующий	0
рецептивный	0
беззащитность	0
мероприятие	0
касающиеясти	0
леви	0
хмурый	0
карлсруэ	0
перепроверять	0
южный	0
соприкасаться	0
ико	0
суверен	0
озабочивать	0
баден	0
обнаружение	0
подкреплять	0
прямо-таки	0
сосредоточиваться	0
мао	0
интерсубъективность	0
беспочвенный	0
безразличие	0
танк	0
дата	0
катастрофический	0
аристотель	0
недопустимо	0
документалист	0
пик	0
базар	0
популяризатор	0
ведомость	0
встречный	0
переживание	0
домашний	0
разрастаться	0
обнажать	0
прлекция	0
затмевать	0
непримиримый	0
ежедневный	0
словосочетание	0
модест	0
минута	0
самопредставление	0
преступление	0
открещиваться	0
оперирование	0
неумолимо	0
циник	0
концертмейстер	0
державный	0
питирим	0
упираться	0
довершение	0
сто	0
внефилософский	0
прореха	0
аскольдов	0
проспект	0
наследовать	0
преждевременный	0
подписывать	0
ученикшампольонастаниславкоссаковский	0
бескрайность	0
списывать	0
прямота	0
противоположно	0
присматриваться	0
умение	0
оригинально	0
разврат	0
отчуждаться	0
семен	0
включаться	0
ввод	0
маргар	0
фотографировать	0
пролюзия	0
ободрение	0
сани	0
бредовой	0
шумихина	0
взирать	0
справочник	0
эвристический	0
непонятность	0
химерно	0
неприкосновенный	0
скупиться	0
рейдгеновский	0
сжиматься	0
честный	0
перешагивать	0
институционализация	0
томашевский	0
беспрецедентный	0
кинофестиваль	0
гудок	0
увлекаться	0
исповедание	0
примущественно	0
цоколь	0
атеист	0
внутриконфессиональный	0
ланг	0
скрип	0
желанный	0
обрадоваться	0
постеречь	0
логично	0
потомок	0
предвестник	0
заинтересованность	0
сигара	0
короче	0
затесываться	0
закрытый	0
непросвещенный	0
шестьдесят	0
майер	0
тектонический	0
прослужить	0
роза	0
фотовыставка	0
что-нибудь	0
правоверный	0
сплочение	0
гипнотический	0
трактовать	0
ньютон	0
конкурс	0
зондирование	0
охота	0
постчеловечество	0
неуслышанный	0
сартр	0
гостеприимный	0
безоглядный	0
многоразовый	0
поддерживаться	0
приуготовительный	0
шик	0
индустриальный	0
массив	0
очевидность	0
искусно	0
немногословный	0
вдвоем	0
латать	0
расстрельный	0
напластование	0
прослеживаться	0
умиротворенный	0
лет	0
расчищать	0
максимально	0
неубедительный	0
выживание	0
материалист	0
накладываться	0
беньямин	0
стипендия	0
ретроспективный	0
ксения	0
иоаннис	0
производный	0
констатировать	0
поделить	0
бездоказательный	0
цельно	0
неидеологизировать	0
наукопоклонство	0
антиамериканский	0
нарочито	0
переделывать	0
волхов	0
люксембург	0
кантианец	0
надежный	0
спящий	0
послевоенный	0
моментальный	0
возобладать	0
якоби	0
охартманесма	0
минск	0
шеллингфа	0
втискивать	0
переложение	0
сибирь	0
символистский	0
преданный	0
литься	0
неизвестность	0
рудн	0
культивироваться	0
семантический	0
непременный	0
агентство	0
таить	0
внятный	0
подавление	0
впечатлительный	0
ниспровержение	0
стабильность	0
методологически	0
вступ	0
маслов	0
статистика	0
ходатайствовать	0
сонатный	0
пулково	0
иваново	0
неприятие	0
замена	0
частичный	0
легкий	0
ргали	0
размер	0
ярко	0
конъюнктура	0
гримм	0
крутить	0
недопонимание	0
дека	0
призыв	0
неустанно	0
приятность	0
спитой	0
транскрипция	0
промежуточный	0
цивилизаторский	0
скифство	0
глупый	0
окормление	0
левацкий	0
зачатие	0
руф	0
растворение	0
бычков	0
фантом	0
откровенный	0
имплицитный	0
интригующий	0
участок	0
напугать	0
приказ	0
плакатный	0
тренировка	0
нота	0
ливия	0
реванш	0
избыточный	0
унисон	0
завязнуть	0
зарабатывать	0
сменять	0
продлевать	0
улетать	0
заложник	0
прорисовывать	0
афористичный	0
стряпня	0
проводник	0
накоплять	0
пронизывающий	0
обиход	0
жадный	0
чудовищный	0
экран	0
глушилка	0
генерировать	0
историяфилософскихсистема	0
непредвзятость	0
усиленный	0
декабрист	0
крупица	0
провал	0
христологический	0
несуществование	0
порождение	0
кинолента	0
атрибутировать	0
прыгучесть	0
революционизировать	0
демидов	0
естьданныеотом	0
экзотика	0
неслышно	0
высоко	0
хартманн	0
однонаправленный	0
непрерывный	0
свертывание	0
социум	0
насущно	0
аугсбургский	0
внешность	0
нащупывать	0
периодический	0
безобидный	0
пружина	0
заговорщицкий	0
показ	0
фантасмагорический	0
сирена	0
космология	0
вино	0
томительный	0
утрачиваться	0
своеобразие	0
поперек	0
телеграфность	0
отращивать	0
урка	0
смирнов	0
тезка	0
выживаемость	0
справка	0
злословие	0
ярмо	0
вильно	0
уважительный	0
павел	0
технология	0
неочевидный	0
англия	0
мед	0
несамодостаточный	0
городок	0
разряд	0
именноа	0
хэппенинг	0
бессмертие	0
выцветший	0
неестественный	0
сектор	0
реваншизм	0
безумство	0
якоб	0
передел	0
галлер	0
примиряться	0
восьмитомный	0
постановщик	0
стоящий	0
гарем	0
променивать	0
сообщаемость	0
нарушаться	0
похоронить	0
несоответствие	0
застолбить	0
дивный	0
скоростной	0
э	0
невредимый	0
боец	0
штейнталь	0
исподнее	0
безошибочно	0
ковалевский	0
индивидуум	0
произвольно	0
раскрашивание	0
трибуна	0
пробивать	0
надвое	0
пришпоривать	0
лимон	0
хитроумный	0
неверие	0
дурновкусие	0
роспись	0
раритет	0
космодром	0
хоть	0
буранск	0
галерейщик	0
поделиться	0
пиршество	0
жирный	0
утомительный	0
подвешивать	0
сексопатологический	0
неловкость	0
титан	0
футурист	0
традиционно	0
мусульманство	0
желтоватый	0
алтарь	0
разветвлять	0
беда	0
выпрямлять	0
некоторые	0
описка	0
вдобавок	0
обостряться	0
добавляться	0
колония	0
диктовать	0
набережная	0
подчиненный	0
интертекст	0
чувственный	0
актант	0
офицер	0
зачисление	0
оформление	0
озвучивать	0
гладко	0
немноголюдный	0
подавальщица	0
ширма	0
синкретический	0
дэн	0
настояние	0
выволочка	0
сновать	0
нацеливать	0
импровизировать	0
вблизи	0
соединительный	0
касательство	0
муж	0
осваивать	0
впечатлить	0
опыление	0
проиллюстрировать	0
реставраторский	0
набирать	0
реплика	0
заместитель	0
артикуляция	0
авпри	0
соросовский	0
что-либо	0
соучаствовать	0
каденция	0
коммунистический	0
инвестироваться	0
небывалый	0
растворять	0
фабульный	0
поспешно	0
чень	0
психолингвистика	0
приращивать	0
невостребованный	0
трое	0
обет	0
платонизм	0
советница	0
первостепенный	0
общефилософский	0
вооруженный	0
уголок	0
отпускать	0
лоскутный	0
буренинский	0
знакомствозедергольмасчаадаевымподтверждаться	0
крутиться	0
паства	0
сродни	0
обрекать	0
терпеть	0
русскиеписателиугетеввеймар	0
доминировать	0
меньшинство	0
подсаживаться	0
шведскиерукописиизтургеневскойколлекция	0
совместность	0
альбертович	0
президиум	0
радикал	0
техногенный	0
музыкантский	0
изобиловать	0
парнас	0
накануне	0
предположительно	0
опознавательный	0
сущностный	0
художнический	0
носиться	0
эммануэль	0
поправлять	0
мэтр	0
коммунист	0
активность	0
приятно	0
антибуржуазный	0
кульбит	0
разбудить	0
популизм	0
необратимо	0
бек	0
мягко	0
проинтерпретировать	0
неомарксизм	0
расширение	0
отождествлять	0
неожиданность	0
выдворять	0
дебютный	0
вербальный	0
низводить	0
негативно	0
натура	0
котлета	0
глубь	0
лавка	0
упоить	0
династия	0
курортник	0
недостойный	0
сочный	0
гамильтонов	0
захват	0
приемлить	0
возврат	0
интеграция	0
стройка	0
побояться	0
титул	0
каппа	0
лапидарный	0
новелла	0
подчиняться	0
акад	0
затягивать	0
адаптировать	0
стыд	0
эдуард	0
красиво	0
затрагиваться	0
нелюбимый	0
медиумический	0
частый	0
фотографироваться	0
заблуждаться	0
потенциальность	0
главенствовать	0
происшествие	0
добродушный	0
взращиваться	0
фантазия	0
отмирать	0
выяснять	0
поклоняться	0
недо	0
волшебник	0
уличный	0
елический	0
развертывание	0
скоп	0
приуготовляться	0
разнородность	0
самозванец	0
нетварность	0
вдохновенно	0
диалогичный	0
посттоталитарный	0
ложиться	0
примешиваться	0
стержневой	0
информативность	0
недобросовестность	0
распадаться	0
венгрия	0
фойгт	0
затевать	0
прочувствовать	0
пешка	0
уделять	0
режиссерский	0
склонность	0
избиратель	0
скульптурный	0
требование	0
копировать	0
парафраз	0
болеть	0
юрген	0
поучительный	0
усердие	0
фотографически	0
завертывать	0
антиимпериалистический	0
провозглашать	0
металлический	0
нависать	0
шиллеровский	0
материализоваться	0
вышеуказанный	0
посодействовать	0
клерикализм	0
симптоматичентакжеинтерес	0
первоисточник	0
отвергаться	0
сочиться	0
елистский	0
соединенный	0
эмпиризм	0
спорный	0
подгонка	0
ленинград	0
бунин	0
умиляться	0
обожание	0
фрейд	0
помышлять	0
антихрист	0
сера	0
лосева	0
шарлатанский	0
одежда	0
змей	0
гедонист	0
карусель	0
греза	0
подобие	0
оцепенелый	0
удовлетворяться	0
высококвалифицированный	0
рельеф	0
урок	0
иеромонах	0
подвижный	0
петровский	0
белье	0
принадлежный	0
станкевич	0
ужасный	0
платонический	0
вынести	0
еты	0
мартин	0
предтеча	0
канна	0
шульц	0
дистанцироваться	0
песнопение	0
марс	0
пошлость	0
обреченный	0
чародей	0
теологизм	0
отправление	0
закоулок	0
хирургический	0
среднерусский	0
космизм	0
перекресток	0
парк	0
читательский	0
тонкость	0
неплохой	0
обязанный	0
каченовский	0
трокслер	0
школьный	0
нерв	0
сентенция	0
обнаженный	0
сбой	0
отвоевывать	0
вождь	0
колыбель	0
изысканный	0
стопа	0
федерация	0
вселенная	0
неуверенность	0
обхождение	0
кавказ	0
декларироваться	0
воинственно	0
слева	0
профессионализм	0
присоединение	0
модус	0
заседение	0
незаслуженный	0
преизбыточный	0
закалка	0
западность	0
благоприятный	0
людской	0
градация	0
эпически	0
дробление	0
целенаправленный	0
напрямую	0
дерзкий	0
вплетаться	0
категориальный	0
покровительственность	0
наталья	0
интегрироваться	0
воскресение	0
предельно	0
красно-коричневый	0
антиамериканизм	0
востоковедческий	0
фланг	0
истинность	0
отправлять	0
вдумчиво	0
тупиковый	0
наверх	0
повесить	0
инспирировать	0
приспособлять	0
пустынный	0
киноутопия	0
конструктивный	0
видный	0
видимый	0
иезуитский	0
титр	0
нокдаун	0
относительный	0
повторно	0
мейер	0
добросовестность	0
гай	0
наблюдаться	0
рыба	0
вооружение	0
перфекционизм	0
взаимоисключающий	0
тематический	0
колоссальный	0
джорджио	0
кратос	0
продукция	0
неосознанный	0
ерунда	0
расспрашивать	0
лоренц	0
менеджмент	0
взамен	0
имееется	0
конформность	0
ужин	0
печь	0
прекращаться	0
намечать	0
крюллем	0
страстный	0
подоплека	0
ниоткуда	0
выстраивание	0
возвышение	0
несправедливый	0
боготворить	0
помысел	0
койтный	0
двойничество	0
зольгер	0
учить	0
каникулы	0
мавзолей	0
антипропаганда	0
гегелианский	0
ветхий	0
катастрофа	0
заживо	0
объективность	0
категорический	0
датский	0
бодуэн	0
обустраивать	0
непротиворечивый	0
именоваться	0
добавление	0
интепретировать	0
терпимость	0
совершенствоваться	0
мужество	0
остросюжетный	0
коробочка	0
трогательный	0
отличный	0
всемогущий	0
люсьена	0
квадратный	0
круговой	0
довлеть	0
гдровский	0
догматика	0
бессвязный	0
воздавать	0
череда	0
пленка	0
отчуждать	0
тюбингенский	0
обниматься	0
готлоб	0
ритмический	0
оон	0
нагрузка	0
постыдный	0
минувший	0
наименование	0
формироваться	0
претенциозно	0
социал-демократический	0
негодование	0
понятийный	0
валерка	0
меценат	0
извинение	0
стереоскопичность	0
повторяться	0
общественность	0
притворство	0
приступать	0
доказательство	0
прямиком	0
штамп	0
подстрочный	0
шекспировский	0
наслаждаться	0
новое	0
видоизменяться	0
прикрытие	0
грохот	0
антитеза	0
тюнина	0
несносный	0
феодальный	0
меланхолия	0
весомость	0
перевертыш	0
мелочь	0
иудейский	0
иоанн	0
гагара	0
мэр	0
оснащение	0
историко-литературный	0
есть	0
расстройство	0
характеристичный	0
пробуждаться	0
благодарение	0
тотализация	0
потерять	0
вчислетакихпосетителейбыл	0
рыночный	0
окраска	0
застигать	0
альянс	0
специфичный	0
гомосексуал	0
варьировать	0
постольку	0
шифрованность	0
напористый	0
толстой	0
уплывать	0
системный	0
дескать	0
вступаться	0
дерьмо	0
уголовка	0
самоутверждение	0
однотипный	0
гартман	0
приморский	0
всемилостивый	0
респектабельность	0
семенович	0
замыкание	0
строфический	0
восхищаться	0
убедительно	0
манифестация	0
всепонятность	0
самоочевидный	0
комиссариат	0
общераспространенный	0
непринужденность	0
сосредотачивать	0
заблудший	0
зедергольмаречьпойдетниже	0
инерция	0
гевара	0
послушать	0
прислушиваться	0
положенный	0
кругом	0
любомудр	0
оперетка	0
протрезветь	0
структурированный	0
терраса	0
лукоморье	0
дориан	0
фундаментализм	0
распределять	0
констатация	0
изменить	0
когда-нибудь	0
употреблять	0
мелькать	0
кругообразный	0
организационный	0
благотворитель	0
порождать	0
жертвовать	0
обеспокоить	0
химический	0
реагировать	0
привходящий	0
ментальность	0
радиоприемник	0
тяготение	0
функционировать	0
сгинуть	0
цгали	0
расспросы	0
гиппиус	0
кризис	0
разоблачение	0
кучерской	0
фрг	0
обольщаться	0
строчка	0
былакнига	0
камзол	0
патетика	0
конституция	0
данило	0
лауреат	0
раскидывать	0
смешанный	0
осмысливать	0
геологический	0
универсалистский	0
удачный	0
полев	0
батый	0
велимир	0
кланяться	0
перегрузка	0
намного	0
рационализм	0
накладывать	0
мельгунов	0
идентификаторный	0
разлом	0
стратегически	0
изобретаться	0
обильный	0
колесный	0
попробовать	0
ходатайство	0
подобострастие	0
гусеница	0
концентрироваться	0
административно-политический	0
мельхиор	0
еплер	0
перипетия	0
петрониевский	0
тертый	0
пасть	0
эхо	0
моралистический	0
висеть	0
правление	0
философииискусство	0
постперестроечный	0
савельев	0
федорович	0
транслироваться	0
научность	0
кратко	0
апологет	0
поспевать	0
известие	0
уставать	0
сухой	0
пласт	0
пересказывание	0
полусумасшедший	0
господствовать	0
наполнение	0
блуменбах	0
высокомерие	0
ноябрьский	0
нло	0
михайловна	0
виртуозность	0
обыкновение	0
заколдованный	0
сервилизм	0
мерцание	0
або	0
смола	0
распятие	0
федоров	0
летчик	0
поддержание	0
остафьевский	0
грустный	0
ложность	0
предприниматься	0
неличный	0
всюду	0
алкоголик	0
шестидесятник	0
редуцировать	0
возлюбленная	0
процентный	0
смотря	0
карнавальный	0
статичный	0
околосимволистский	0
площадь	0
многообещающий	0
бардак	0
метафорический	0
каково	0
прижимать	0
пиетистский	0
шиитский	0
объятие	0
начальный	0
дубин	0
филфак	0
незавершенный	0
насыщение	0
сверстник	0
благочестие	0
помесь	0
истечение	0
зааплодировать	0
оптина	0
перехватывать	0
тамжа	0
либреттист	0
зародыш	0
пересказываться	0
подарить	0
тирана	0
муссироваться	0
новоевропейский	0
ровно	0
достопримечательность	0
горе	0
непонятый	0
парламент	0
удивление	0
парламентаристский	0
вырабатывать	0
тесть	0
неповоротливый	0
ввечеру	0
вкратце	0
домой	0
предвидение	0
отряд	0
допускаться	0
предание	0
предок	0
предупреждение	0
углядеть	0
раздор	0
путепровод	0
опасение	0
безволие	0
грамотность	0
растиражировать	0
вернее	0
простор	0
деловой	0
этичность	0
презрение	0
имитация	0
куртен	0
левиафан	0
стокгольмский	0
привязывать	0
принуждать	0
бескорыстно	0
плоский	0
аргументированность	0
размахивать	0
презирать	0
трагедия	0
поппер	0
хили	0
иерархический	0
губерния	0
стираться	0
заполучать	0
баширов	0
публицистический	0
господний	0
ухватывать	0
обструкция	0
видеманн	0
уверовать	0
вышеописанный	0
кратия	0
трубадур	0
докапываться	0
ницшеанский	0
клад	0
длинноты	0
слабость	0
бюрократический	0
восемь	0
общественнность	0
надеждие	0
недочет	0
сталин	0
гениальность	0
скрытность	0
благой	0
прикладной	0
раздумье	0
пожелать	0
артикулировать	0
слуга	0
уважение	0
акакдемия	0
предваряться	0
нарциссический	0
сделаться	0
раковина	0
семейственный	0
полноценный	0
прощать	0
компетенция	0
пикантный	0
восемнадцать	0
непростой	0
настраиваться	0
смещение	0
путешествовать	0
отступать	0
одаренность	0
ретроспективно	0
похоронный	0
варьироваться	0
созревание	0
отчаянно	0
неразрывный	0
аналитичный	0
возбужденно	0
коалиция	0
авраам	0
писательница	0
степь	0
богородица	0
поверхностно	0
вздрагивать	0
новобрачный	0
наставление	0
кодировать	0
призвание	0
ограждать	0
ринг	0
прибавлять	0
предельный	0
тренд	0
нибудь	0
симфонический	0
марта	0
хаос	0
наподобие	0
досуг	0
ветхозаветный	0
предлагаться	0
фрайбург	0
пессимистический	0
метрика	0
рубрика	0
достраивать	0
непрояснять	0
ахматова	0
эйхгорный	0
недоумевать	0
телесный	0
вертикаль	0
партийный	0
наглядность	0
кенигсбергский	0
отрывистый	0
скульптор	0
аполлонический	0
волнующий	0
газетный	0
близнец	0
ячейка	0
вложение	0
узел	0
пассивно	0
пройти	0
шептать	0
завод	0
сосуществование	0
оформлять	0
уживаться	0
высокоразвитый	0
сурово	0
умножение	0
тщательно	0
веневитиновский	0
скромность	0
трибунал	0
динамический	0
последствие	0
тематизация	0
коктебель	0
тоня	0
прилежно	0
широта	0
фрика	0
пустовать	0
австрия	0
бранденбургский	0
обновлять	0
удивлять	0
преувеличивать	0
соло	0
невский	0
заверение	0
форель	0
майя	0
проигрыщ	0
фольклорист	0
тягучий	0
фасад	0
вульгарный	0
постиндивидуалистический	0
просвещенный	0
автономность	0
флотский	0
буржуазность	0
возражение	0
труднодоступность	0
плутовской	0
шесть	0
присяга	0
решимость	0
майорский	0
языковой	0
подмастерье	0
перезапускать	0
сальто	0
непреклонный	0
удовлетворительный	0
авторизовать	0
единственно	0
юлий	0
вызывающий	0
властитель	0
недоговоренность	0
монотеистический	0
заключенный	0
ангелология	0
передний	0
неясность	0
вычищать	0
концептуализм	0
приставать	0
тацит	0
экуменический	0
завершаться	0
состряпать	0
метафоричный	0
самодостаточный	0
верховный	0
порешениюсемьибольшаячастькнигиз	0
раскрытие	0
медитация	0
труп	0
промедление	0
вареный	0
егор	0
непаханый	0
мистикаисознаниевинывфилософскомразвитиишеллинг	0
антисемитизм	0
барышня	0
выборы	0
сокровище	0
осведомитель	0
винкельмановский	0
упорядочивать	0
трус	0
гийом	0
парадный	0
рассеиваться	0
конструктивист	0
куратор	0
экспедиция	0
попросить	0
запутываться	0
мятеж	0
послереволюционный	0
форсировать	0
неолиберализм	0
инфильтрация	0
ля-минорный	0
восклицание	0
помоечный	0
персональный	0
коллекция	0
антисоветский	0
юность	0
шантан	0
угол	0
ехидный	0
корректный	0
практиковать	0
радушный	0
укол	0
отвязываться	0
высматривать	0
лень	0
модификация	0
утверждаться	0
лариса	0
хенрик	0
запредельный	0
полуофициальный	0
количественный	0
равнина	0
перенос	0
прерываться	0
генератор	0
предосудительный	0
закручивать	0
джаз	0
незнакомец	0
гоноррея	0
публикемой	0
влиять	0
сотворчество	0
подгот	0
попадание	0
купить	0
предназначать	0
заполнение	0
отдел	0
сходиться	0
калькировать	0
вагон-ресторан	0
необыкновенный	0
скрываться	0
алюминиевый	0
суеверный	0
аналитизм	0
схватываться	0
временной	0
новалис	0
вышка	0
экспозиция	0
кредит	0
приближение	0
частота	0
нуар	0
безличный	0
симпатичный	0
сопоставимый	0
риттер	0
удваиваться	0
пагуба	0
отшатываться	0
беглый	0
профсоюз	0
протяжный	0
склад	0
писательский	0
красоваться	0
шевырев	0
пересекаться	0
двоиться	0
наспех	0
необычно	0
искусственность	0
скорректировать	0
сясьстрой	0
переменчивый	0
высиживать	0
поляризоваться	0
праздный	0
патристика	0
тестировать	0
пандан	0
блеф	0
остроязычный	0
кира	0
популяризаторский	0
не-я	0
чувствительный	0
фронт	0
атья	0
пиксис	0
опись	0
антагонистический	0
сохранение	0
застой	0
немыслимо	0
плескаться	0
самиздат	0
новатор	0
подбирать	0
кузминоведение	0
геннади	0
силок	0
проституция	0
размыкание	0
иррациональный	0
подвиг	0
занятость	0
патетический	0
антипод	0
палач	0
удобный	0
избегать	0
утешение	0
инский	0
приземляться	0
кое-что	0
начальник	0
либертивилль	0
наркомпрос	0
многосоставность	0
поверять	0
велижев	0
гимназический	0
сиротливый	0
воздух	0
молодежь	0
постраничный	0
официально	0
узурпатор	0
делить	0
устремление	0
вкупе	0
упущение	0
высвобождать	0
закат	0
возникновение	0
легитимный	0
калайдович	0
продуманный	0
лететь	0
пропуск	0
богослужебный	0
реалистически	0
перестройка	0
бегство	0
наугад	0
умма	0
простота	0
малопривлекательный	0
основательный	0
осаждать	0
бобров	0
животное	0
постиндустриальный	0
подземелье	0
уайльдовский	0
редактирование	0
явственный	0
чтобылхорошознакомсоднимизосновоположник	0
купец	0
острота	0
хемингуэевский	0
израель	0
микрополитика	0
сухопутный	0
прокладывать	0
опасность	0
даль	0
дезире	0
малоизвестный	0
референт	0
дали	0
ариец	0
древо	0
трансгрессия	0
сближение	0
брюля	0
оглушительный	0
настройщик	0
сопровождаться	0
травма	0
подействовать	0
контрастный	0
общепризнанный	0
усложнение	0
таки	0
гравировать	0
смесь	0
частица	0
колхоз	0
поприще	0
новообразованный	0
богопознание	0
повадка	0
комма	0
простираться	0
щекотливый	0
упоминанияовстречахслодер	0
петь	0
убежденность	0
бульдозерный	0
курортный	0
организованный	0
атривать	0
ответственный	0
правомочный	0
медь	0
восторженный	0
порция	0
всеевропейский	0
смолоду	0
несоразмерный	0
всепобеждающий	0
медицина	0
неразборчивый	0
обход	0
худо	0
пробуждение	0
иллюзия	0
познавательный	0
предъюбилейный	0
пыльный	0
петух	0
резонно	0
могущественный	0
шрифт	0
поступок	0
основное	0
храм	0
обобщение	0
облизывание	0
ораниенбаум	0
ничтожность	0
заячий	0
волей-неволей	0
бессодержательность	0
экстаз	0
элементарно	0
экстериорность	0
фраунгофер	0
елагина	0
неприветливый	0
ослаблять	0
избавлять	0
стирать	0
штутгарт	0
добродушие	0
позиционировать	0
медицинский	0
объективно	0
амплуа	0
огия	0
изречение	0
сида	0
препровождение	0
нападок	0
реально	0
радикальность	0
корректировка	0
допустимый	0
космолет	0
второстепенный	0
заинтриговывать	0
дрезден	0
предстоящий	0
пересечение	0
играючи	0
обогащение	0
привлекать	0
закавычивать	0
полицай	0
ложе	0
мнемонический	0
ложа	0
таинство	0
колер	0
смущать	0
работник	0
пронзительный	0
антифотография	0
пушкинский	0
выделение	0
нежность	0
реполитизация	0
оболванивать	0
переулок	0
прощаться	0
командировка	0
цезарь	0
концептуалист	0
улыбка	0
воодушевление	0
литературноенаследство	0
сокращение	0
неотличимый	0
наклонность	0
обосновываться	0
поразительный	0
фельдъегерь	0
аттрактивный	0
таять	0
неизмеримый	0
ежедневник	0
живописаться	0
соглашение	0
оркестр	0
ореол	0
незнание	0
совершенство	0
монадология	0
надолго	0
опубликованый	0
недостающий	0
своевременно	0
уступать	0
грубо	0
задумывать	0
атеизм	0
лягушка	0
подборка	0
выпускник	0
михайловский	0
адаптированный	0
евдокия	0
отговаривать	0
владимиреие	0
репрезентация	0
бомбежка	0
наименовывать	0
громкий	0
излишний	0
обеспечиваться	0
сатира	0
намекать	0
избираться	0
набираться	0
здоровье	0
снисходить	0
фундировать	0
собственноручный	0
быль	0
колебаться	0
кувырок	0
правовой	0
умолчание	0
ретро	0
беллетристика	0
молодежный	0
шурбелев	0
грубоватый	0
обгонять	0
инерционный	0
двоякий	0
физиологический	0
жилец	0
отрицательно	0
прокуривать	0
валуевуобратитьсякзедергольмуспредложениемперевестидля	0
раздумывать	0
густав	0
почитание	0
первейший	0
чреватый	0
идолопоклонствовать	0
повлечь	0
капиталистический	0
тряпка	0
голубочек	0
соединяться	0
антихристов	0
кадетский	0
дума	0
править	0
именитый	0
жизнетворять	0
остзейский	0
предуведомление	0
упаковывать	0
монархия	0
зрелищный	0
брентано	0
житейски	0
негласный	0
нанизывать	0
величавый	0
инновация	0
устрашающий	0
единичность	0
словесный	0
ультралевацкий	0
ссора	0
чересчур	0
музыковедческий	0
раб	0
вакхический	0
часы	0
сексуальность	0
инокультурный	0
пропускать	0
книжечка	0
равнозначность	0
автоматически	0
нечасто	0
междустрочный	0
убирать	0
орел	0
дискутировать	0
остаток	0
всемирно	0
рассуждать	0
суетиться	0
архаический	0
собственник	0
неразобранный	0
вводиться	0
колоритный	0
шарлатан	0
внеочередной	0
мода	0
технический	0
третьестепенный	0
фетишизм	0
полнокровный	0
неведомый	0
спрятаться	0
лечиться	0
бостон	0
последовательный	0
раскованный	0
побочный	0
доверительность	0
подтягивать	0
завладевать	0
метаиронический	0
карманный	0
майкл	0
осознанный	0
обаятельный	0
континуум	0
вариабельность	0
девство	0
небосклон	0
перегонка	0
дворянство	0
неопознанный	0
итак	0
ретироваться	0
оживление	0
эйфелев	0
сломать	0
некоммунистический	0
сидоров	0
рецепт	0
уголовник	0
уносить	0
окружать	0
стонать	0
наивный	0
гомосек	0
присовокуплять	0
формообразование	0
лиотара	0
прелестный	0
отклоняться	0
удивительно	0
север	0
природный	0
доступно	0
сценарист	0
неправомерный	0
лекселль	0
нарастать	0
отчетливо	0
социал-демократия	0
респектабельный	0
юго-восточный	0
должностной	0
заплыв	0
оттеснять	0
мнасей	0
ньютоновский	0
праздненство	0
органический	0
конструкция	0
непоправимый	0
гримаса	0
трогать	0
преимущественный	0
площадка	0
мученичество	0
перефразировать	0
пассивный	0
лишек	0
выслушивать	0
зарождение	0
утцшнейдер	0
оппонент	0
лакуна	0
расследование	0
забавный	0
молчать	0
кремлевский	0
самопознание	0
миловаться	0
камашев	0
измена	0
варрон	0
демократизоваться	0
беззастенчиво	0
курсив	0
эпический	0
неумеренный	0
превосходный	0
смертный	0
малодоступный	0
организаторский	0
поклонник	0
толк	0
запал	0
изначала	0
изначалу	0
претить	0
умопомешательство	0
трель	0
рига	0
соитие	0
позднесоветский	0
субботник	0
продуктивность	0
накрывать	0
политизация	0
вечно	0
интеллигентный	0
смиряться	0
неимение	0
потрясение	0
йеша	0
манер	0
лаборатория	0
очки	0
гербарт	0
продолжатель	0
сумрачный	0
неприлично	0
заменять	0
устранять	0
нрав	0
ламенна	0
потебня	0
терзать	0
музыкознание	0
экспортный	0
прасистема	0
вдвое	0
детально	0
объяснимый	0
возвышенность	0
разумниковский	0
никифорович	0
монолитный	0
преподноситься	0
эксплуатировать	0
незаметно	0
полбеды	0
озабоченный	0
яйцо	0
гостиница	0
сворачивать	0
дорогостоящий	0
хотябыпотой	0
откомментированный	0
слепой	0
законодательство	0
сосредоточенный	0
базисный	0
неомарксистский	0
невесть	0
анархист	0
фальшиво	0
уничижительный	0
последовательность	0
богема	0
осторожность	0
кронгауз	0
радиализм	0
цветовой	0
распутывать	0
мягкий	0
конъектура	0
видоизменять	0
ницше	0
ргнф	0
расс	0
чужбина	0
крафт	0
раса	0
письмамейендорфакшеллинг	0
искусствоведческий	0
призма	0
законченный	0
выписывать	0
дорого	0
антиквар	0
габриель	0
разрушать	0
аарон	0
странствовать	0
безымянный	0
мерка	0
обходиться	0
дмитриев	0
излияние	0
дежурный	0
антисистемный	0
геофизик	0
превратный	0
экспериментаторство	0
различимый	0
самооценка	0
елагин	0
геополитический	0
отрываться	0
отторгать	0
единобожие	0
вилка	0
закономерность	0
мифологема	0
возрастной	0
разительный	0
поклонение	0
окаменелый	0
неряха	0
бомонд	0
оборудование	0
познание	0
непристойный	0
спроецировать	0
матросик	0
непорочный	0
частично	0
негласно	0
энциклопедия	0
составигенезис	0
урус	0
кпсс	0
жаргон	0
бесспорный	0
интеллектуальность	0
рогинский	0
швырять	0
невероятный	0
наполеон	0
нагродский	0
скрупулезность	0
шрам	0
кудрявцев	0
юношество	0
воздействовать	0
весьмапримечательно	0
бейлис	0
пусковой	0
оскар	0
старание	0
подставлять	0
внутригерманский	0
надиктовывать	0
иллюстрация	0
господь	0
автограф	0
инсинуация	0
западногерманский	0
мельчук	0
отклонять	0
аннулировать	0
общенаучный	0
энтузиаст	0
подзаголовок	0
топливо	0
импрессионистский	0
господи	0
фонологический	0
скифствовать	0
гюисманс	0
автономный	0
физически	0
арнить	0
совершенный	0
приз	0
вопиять	0
жизнеописание	0
жизнетворчество	0
обваливаться	0
столичный	0
антоним	0
неокапиталистический	0
сквотерский	0
адольф	0
абсурдность	0
скомпилировать	0
числиться	0
влечение	0
эрдманн	0
стрелка	0
видоизменение	0
робинзоновский	0
милость	0
привлекаться	0
мелькнуть	0
прокрустов	0
ухватываться	0
эрхардт	0
шумановский	0
передаваться	0
педагогика	0
хаотический	0
жилище	0
стабильный	0
собиратель	0
задушить	0
подговаривать	0
неопрятный	0
павлин	0
внутрь	0
манерный	0
благородство	0
конструировать	0
размеренный	0
необычайно	0
рок	0
спрашиваться	0
вериться	0
аполитический	0
кабинет	0
заметность	0
трудолюбие	0
львиный	0
харьковскийуниверситетбылоднимиз	0
люк	0
грехопадение	0
коллекционер	0
уверение	0
миха	0
собака	0
типично	0
невнимательно	0
установленный	0
живописать	0
возрастать	0
документально	0
восходящий	0
сверх	0
удостаиваться	0
воспитание	0
катехизис	0
ревниво	0
выучивать	0
музыкальность	0
владелец	0
завтра	0
замыливание	0
необозримый	0
дар	0
зря	0
культурологический	0
фактура	0
реабилитация	0
причинять	0
смычок	0
двусмысленность	0
реализовывать	0
глянцевый	0
чрез	0
цицерон	0
полгода	0
никой	0
бунтовать	0
анатолий	0
иманнуил	0
клише	0
шествовать	0
по-разному	0
прятать	0
панночка	0
изолированно	0
победно	0
протягивать	0
дизентерия	0
лурик	0
незамедлительный	0
анонимно	0
жанр	0
встраиваться	0
вторжение	0
украсть	0
инициативность	0
зеркальность	0
нестрогий	0
преддверие	0
подробнаяреконструкциязаключительнойфазырусский	0
перемахивать	0
эксплицитно	0
пускать	0
арзамас	0
одиночка	0
возобновляться	0
растворяться	0
прагматичный	0
четвертый	0
платон	0
комплимент	0
кровать	0
жалеть	0
эстетизировать	0
сибарит	0
скипетр	0
оный	0
рейхенбах	0
грант	0
грань	0
перечень	0
логвинов	0
рационалистический	0
экзальтация	0
поражающий	0
петер	0
отчетливость	0
успешно	0
помарка	0
авторизованный	0
ханша	0
мартен	0
канал	0
стадо	0
инициатор	0
эксплуатация	0
широкомасштабный	0
кафкианский	0
неужели	0
размыкать	0
срочно	0
филиппика	0
приниматься	0
крепко	0
бредни	0
просто-напросто	0
длиться	0
туманов	0
неповторимый	0
почему-то	0
мистика	0
методология	0
прямолинейный	0
лидер	0
предполагаться	0
свежий	0
сопутствовать	0
общепартийный	0
истреблять	0
довольный	0
гомосексуалист	0
рошетт	0
озаписяхка	0
геродот	0
компетентность	0
аналитически	0
доходный	0
надстройка	0
ленфильм	0
транс	0
отстранение	0
сторониться	0
югов	0
покорение	0
сакулина	0
крюк	0
переменять	0
всяческий	0
евразийский	0
сдвоить	0
вчера	0
надворный	0
бесчестие	0
судейкин	0
математика	0
многовековый	0
развлекаться	0
далее	0
зло	0
обслуживать	0
гердеровский	0
этнограф	0
нахаживать	0
латентный	0
заворачивать	0
аполлон	0
правительственный	0
волновать	0
признательный	0
воспевать	0
перо	0
перл	0
абсолютизировать	0
крест-накрест	0
подъем	0
разворот	0
только-только	0
вторить	0
комический	0
станислава	0
предугадывать	0
гесиод	0
могущественай	0
сербский	0
менталитет	0
мобилизовать	0
фрау	0
отталкиваться	0
чрезвычайночуткимкновейшимтрендаминтеллектуальноймода	0
воображаемый	0
подниматься	0
семинария	0
упрекать	0
мамардашвили	0
метода	0
размах	0
паоло	0
заговаривать	0
приучать	0
девушка	0
лицей	0
мятежный	0
разочаровываться	0
колено	0
обделять	0
тяготеть	0
погружать	0
санинский	0
предполагамое	0
штейн	0
мелко	0
территориально	0
мешать	0
переприсваивать	0
фотографичность	0
нечеловеческий	0
задеть	0
добродетельный	0
превосходство	0
трение	0
ленинский	0
переплетать	0
голубоватый	0
огородничество	0
строительный	0
вверять	0
примечательно	0
этапный	0
слюсарев	0
целомудренный	0
неверующий	0
съезд	0
раскрываться	0
разговаривать	0
созидать	0
наружно	0
сопрягать	0
санкционировать	0
россомахин	0
тотально	0
личностный	0
прославляться	0
склонять	0
хабермас	0
разборчивый	0
невнятный	0
многоразличный	0
спрыгивать	0
сумма	0
элиа	0
кость	0
перевозить	0
по-старому	0
обласкивать	0
аристотелевский	0
полагаться	0
крошечный	0
культовый	0
уяснять	0
писаться	0
развертка	0
проверяться	0
раут	0
лечение	0
множиться	0
уводить	0
уравновешиваться	0
перепечатка	0
ирли	0
опустеть	0
петрович	0
зал	0
спекуляция	0
пополняться	0
раздувать	0
общекультурный	0
опутывать	0
великосветский	0
раскапывание	0
задаваться	0
христов	0
китчевый	0
собранный	0
кинокомпания	0
поколик	0
латы	0
декларировать	0
припоминать	0
готовить	0
логос	0
в-четвертых	0
непросто	0
расстрел	0
сторожить	0
зевесово	0
вертеровский	0
грибоедов	0
редкость	0
благодарственный	0
юмористический	0
модестколеров	0
подлинно	0
ивановский	0
купальщик	0
беречься	0
марианна	0
пушкин	0
необычайный	0
прибытие	0
эку	0
асса	0
эврика	0
геррес	0
неразличимый	0
постижимость	0
водолечение	0
тургеневпосоветовалд	0
виттельсбах	0
мюллер	0
благоволить	0
серый	0
авансцена	0
казан	0
подшучивать	0
безумный	0
одержимый	0
удар	0
выучка	0
каторжанин	0
архетип	0
докторант	0
шестилетний	0
принятие	0
сенат	0
граничить	0
эсхатология	0
суждено	0
враждебно	0
чехословакия	0
разочаровывать	0
имущество	0
овдоветь	0
лелеять	0
небезынтересный	0
аристократка	0
сакраментальный	0
концептуальность	0
биться	0
незамеченный	0
дикарь	0
сетование	0
потенциально	0
суммировать	0
шелохнуться	0
производственный	0
потратить	0
болезненный	0
срывать	0
павший	0
обветшалый	0
авнивать	0
комбинат	0
смешиваться	0
сережа	0
полюбоваться	0
ящичек	0
ущербность	0
хозяин	0
секретность	0
коммунитаристский	0
ориентированный	0
контрреволюционный	0
безмолвный	0
эпиграмма	0
действительный	0
островский	0
афинянин	0
герменевтический	0
роговой	0
согласованность	0
опускать	0
разграничение	0
паук	0
чтовюжнойроссиизедергольмобосновалсянегде	0
обеспечение	0
невыгодный	0
проанализировать	0
щитцовый	0
варварство	0
самоцель	0
морок	0
космогонический	0
психолог	0
специализация	0
стрекоза	0
дурачить	0
гетерогенный	0
нарисоваться	0
обнародоваться	0
сочетать	0
замыливать	0
наказывать	0
оператор	0
мотивный	0
иния	0
едкий	0
вдохновенный	0
настойчивый	0
пункт	0
подражать	0
вс	0
любительский	0
душный	0
маэстро	0
своевременность	0
записной	0
сопричастность	0
ошибочно	0
неуютно	0
нисходящий	0
брауншвейгский	0
выполнение	0
приватно	0
гадать	0
выпад	0
вовлеченность	0
атеистически	0
внеинтеллектуальность	0
уход	0
ноэтика	0
завязываться	0
ламен	0
исправление	0
путаться	0
обэриутский	0
истерика	0
жак	0
тяжкий	0
примирять	0
забрасывать	0
контактировать	0
математический	0
чтотакимизаписямипользоваться	0
патологический	0
корректировать	0
педаль	0
огетеиуваровесма	0
противовес	0
перелесок	0
погасить	0
бояться	0
гуща	0
вдохновение	0
расширяться	0
балка	0
неверный	0
суммарный	0
данила	0
ежедневно	0
нарушение	0
гейда	0
собор	0
левада	0
хватка	0
всеподданнейший	0
периферийный	0
честно	0
эскапада	0
незадачливый	0
полноправный	0
проблемный	0
превалировать	0
вирный	0
затравливать	0
достаточный	0
аббревиатура	0
своевременный	0
подозрительно	0
голограмма	0
тенденциозность	0
эйлер	0
метро	0
вышеупомянутый	0
усиливать	0
гетевский	0
бал	0
живописность	0
непредставимый	0
арнольд	0
урегулирование	0
харизматический	0
неудачный	0
наделяться	0
бледный	0
финал	0
пейзажный	0
типический	0
мудрец	0
письменно	0
мориц	0
сопроводительный	0
кузькин	0
цеплять	0
рюккерту	0
обессмысливать	0
сожалеть	0
передовой	0
бремя	0
наставать	0
тула	0
абашник	0
нацеленность	0
соловьев	0
доверенный	0
кузминовед	0
реорганизация	0
наполняться	0
проявляться	0
минус	0
арго	0
пунин	0
клеймить	0
налаживать	0
мах	0
превышать	0
пригибать	0
неминуемый	0
противоречивый	0
оживленный	0
вселенскость	0
искусствознание	0
парламентарий	0
старина	0
постмодернистский	0
предубеждение	0
превознесение	0
неизменный	0
незнакомый	0
эманативный	0
корабельный	0
маскулинный	0
бопп	0
показательность	0
осуждать	0
антибиотик	0
активист	0
доступ	0
движущий	0
общепринятость	0
сава	0
разъять	0
ипостась	0
мюнтер	0
играться	0
помещение	0
математик	0
нервно	0
выгодный	0
нуждающийся	0
трепет	0
багаж	0
утопать	0
анекдотический	0
дыхание	0
сродство	0
прут	0
могущество	0
алогичный	0
египетский	0
основный	0
мания	0
прожектор	0
джемс	0
ожидаться	0
пародия	0
пленять	0
ландсгут	0
кирилл	0
отрецензировать	0
государь	0
фауст	0
карнавал	0
минимум	0
невероятно	0
гуссерлианский	0
идиолект	0
каподистрия	0
рамо	0
физика	0
заочно	0
химера	0
вовремя	0
кроха	0
шопенгауэр	0
почтение	0
сдержанный	0
декабризм	0
авангардный	0
увлекательно	0
маргинал	0
экстраверт	0
хозяйка	0
наложение	0
терзание	0
обманывать	0
бредить	0
актер	0
частиений	0
неизобразить	0
сорокалетний	0
мейда	0
борхес	0
пореволюционный	0
крематорский	0
рюмка	0
черт	0
анри	0
сатана	0
смертельный	0
оттенять	0
маркиза	0
болтаться	0
допущение	0
количественно	0
семиотика	0
туча	0
строить	0
сумрак	0
нерон	0
политес	0
перворелигия	0
межевич	0
книжка	0
диалектик	0
дотягивать	0
цк	0
рекомендатель	0
купюра	0
котта	0
выдумывать	0
выготский	0
германский	0
обреченность	0
одинокий	0
изо	0
обновленченский	0
изм	0
государственый	0
стерилизация	0
синтетический	0
горечь	0
хрустальный	0
неспешный	0
воспоследовать	0
угнетенный	0
попадаться	0
драматичный	0
алый	0
моралист	0
позорный	0
циклический	0
печататься	0
подступать	0
рот	0
обретаться	0
полюс	0
добровольческий	0
прихоть	0
славистика	0
эмпирический	0
богослужение	0
послереформенный	0
самостоятельно	0
темнить	0
вдоль	0
душевно	0
информационный	0
придерживаться	0
детерминированный	0
раздобывать	0
нулевой	0
непонятливый	0
кандидатура	0
сообразно	0
подростковый	0
искажаться	0
кузнецова	0
контрабандный	0
неспокойный	0
террор	0
философствовать	0
половой	0
злополучный	0
давыдов	0
непригодный	0
натолкнуться	0
болван	0
приобщение	0
руссо	0
интрепретировать	0
модерный	0
повседневный	0
хлеб	0
замедлять	0
немедленно	0
подорвать	0
выезжать	0
подсказка	0
красноречиво	0
курчатова	0
польскийхудожникиегиптолог	0
проблематичный	0
фольклорный	0
принадлежность	0
вершина	0
радушно	0
опешить	0
эпиграф	0
трамвай	0
сатанология	0
прийти	0
идентитарный	0
венерический	0
предатель	0
непосредственность	0
дисциплина	0
гпу	0
плюрализм	0
обращенность	0
древнееврейский	0
распевать	0
бесконечность	0
мышка	0
кинохроника	0
утаскивать	0
мистически	0
сквотный	0
отголосок	0
соделать	0
скопировать	0
лис	0
упорно	0
коллективность	0
этнографический	0
пианист	0
аристократия	0
филиация	0
смелость	0
однокоренной	0
метрополис	0
бинарный	0
социолый	0
опасаться	0
украшать	0
погребать	0
феодосия	0
празднование	0
изгонять	0
класть	0
биологический	0
тактический	0
перемешиваться	0
травмировать	0
сбываться	0
воодушевлять	0
плачевный	0
являть	0
более-менее	0
барочный	0
разворачивание	0
ускоряться	0
лосев	0
дифференцировать	0
таланливый	0
парадигма	0
безотказный	0
приниженный	0
флаг	0
закодировать	0
неустойчивый	0
купфер	0
кронштадт	0
неточность	0
профетический	0
доверительный	0
продавать	0
галлюцинация	0
тематика	0
неразличение	0
промежуточность	0
мачо	0
объехать	0
термидорианский	0
спарринг	0
кошка	0
эрнст	0
диаспора	0
семинар	0
волшебный	0
чернила	0
комиссия	0
механический	0
брэнд	0
разбазаривать	0
прокоммунистический	0
откомментировать	0
самодержец	0
наяву	0
светликова	0
виноватый	0
дворянский	0
неизданный	0
прикидываться	0
популярный	0
иммануил	0
кривляться	0
малознакомый	0
чтофилософскимдебютомодногоизееосновоположник	0
неудовлетворенность	0
дебют	0
символизм	0
чаадаева	0
пролонгировать	0
алла	0
значок	0
лейтмотив	0
ньютонианский	0
симулироваться	0
сажать	0
ансамбль	0
навык	0
извод	0
уговаривать	0
выделяться	0
работоспособный	0
негативность	0
чувствоваться	0
подзабывать	0
павлович	0
гоголевский	0
тоталистский	0
классификация	0
воздушный	0
кеплериана	0
преследование	0
кульминация	0
койр	0
авхарьков	0
постулат	0
надконфессиональный	0
фразировка	0
нотоносец	0
фотосерия	0
женева	0
стратегический	0
кличка	0
мемуаристка	0
аутентичный	0
чаадаевский	0
ларка	0
дружелюбный	0
закулисный	0
несравненно	0
девять	0
арматура	0
проблематизировать	0
деконструктивистский	0
диффузный	0
финальный	0
дассен	0
неокантианство	0
картон	0
антипатия	0
петроградский	0
зияние	0
краснеть	0
кухонный	0
соревноваться	0
раскол	0
жесткий	0
однополый	0
памфлет	0
воспринимиаливаться	0
нью-йорк	0
посоветовать	0
вооружаться	0
приятель	0
пропагандировать	0
гавот	0
доведение	0
поручать	0
ненависть	0
документированный	0
ситуативный	0
теряться	0
администратор	0
стереть	0
отважиться	0
побудить	0
механицизм	0
возобновлять	0
милетский	0
постановочный	0
безбожник	0
потайной	0
гео	0
гей	0
радио	0
грек	0
грей	0
почтительность	0
нескрываемый	0
пятнадцать	0
супружеский	0
дикий	0
заголовок	0
имитировать	0
уклоняться	0
варшава	0
профессия	0
розовый	0
расставаться	0
умонастроение	0
неоднозначный	0
грех	0
вхождение	0
трезенский	0
идлис	0
постгофа	0
промозглый	0
местность	0
ветвь	0
водный	0
местонахождение	0
прозрение	0
пограничный	0
нелепость	0
неосновательный	0
подкрепляться	0
колосс	0
смоделировать	0
клементи	0
периодизация	0
комбинаторный	0
воспитывать	0
лиризм	0
скакать	0
социализация	0
шаткость	0
мрамор	0
мультимедийный	0
пропустить	0
мотивировать	0
созерцать	0
квадрат	0
бык	0
присматривать	0
курьезный	0
рухнуть	0
уповать	0
крепкий	0
уклонение	0
одерживать	0
классицист	0
замужем	0
скандальный	0
неодолимый	0
супруга	0
бой	0
игорев	0
серьезно	0
символист	0
возненавидеть	0
ковать	0
гришковец	0
изыскание	0
бескомпромиссный	0
пробел	0
неуточненный	0
изба	0
сужать	0
аттерб	0
метко	0
космологический	0
угнаться	0
родство	0
прочитываться	0
колонна	0
дополняться	0
посреднический	0
клименко	0
замирать	0
малоизученность	0
углубляться	0
отрекаться	0
значиться	0
знаменовать	0
эффект	0
яростный	0
оратория	0
непотребный	0
гибкий	0
венгерский	0
оплевывание	0
прибалтийский	0
тютчевский	0
беспредельный	0
призрак	0
заколдовывать	0
откровенно	0
тяжело	0
изощренность	0
солидно	0
энзе	0
установление	0
весть	0
ласка	0
вопль	0
генерал	0
бухарин	0
непредсказуемость	0
преграда	0
веселый	0
хир	0
недвусмысленный	0
либерал	0
исключая	0
супермен	0
настоятельно	0
разочаровывающий	0
равняться	0
окончание	0
старушка	0
чокаться	0
плясать	0
перегружать	0
персона	0
черпать	0
свидание	0
потихоньку	0
антиковед	0
перетекать	0
инсценировать	0
ролан	0
надевать	0
гайдн	0
лукавство	0
гомера	0
помет	0
розовощекий	0
несомненный	0
женоподобный	0
взяться	0
узкоспециальный	0
обладатель	0
готический	0
настроенный	0
паулятиллих	0
кассель	0
постулироваться	0
дидактический	0
грандиозный	0
лютеранин	0
неблагонадежность	0
провожать	0
степан	0
вольфила	0
био	0
заезд	0
председательство	0
послекантовский	0
релевантный	0
пища	0
дерптский	0
перелом	0
хантингтон	0
двенадцать	0
равнодушие	0
фантастически	0
созвучие	0
яркий	0
миг	0
новенький	0
масть	0
писарскийчерновикссобственноручнымипометка	0
заканчивать	0
оглядываться	0
бесстрашие	0
рывок	0
взрослый	0
велосипедист	0
догонять	0
пятилетний	0
смута	0
годовщина	0
размаскировать	0
норвегия	0
оформляться	0
отстраивать	0
крейцерова	0
злорадно	0
галстук	0
упрек	0
советник	0
защита	0
попов	0
подле	0
исключенность	0
неслыханный	0
скрытный	0
обида	0
схватка	0
эмблематический	0
задействовать	0
текстологически	0
молча	0
взаимозаменяемый	0
малость	0
сочувственно	0
популистский	0
проявленныйкшеллингуславоемжижек	0
изумительный	0
тома	0
приемлемый	0
процветание	0
скрипка	0
поражение	0
бессмысленный	0
наделать	0
по-другому	0
упускаться	0
гослитмузей	0
евгеньевич	0
уловка	0
повсеместно	0
исполняться	0
удерживаться	0
патриарх	0
благодетельный	0
снятие	0
замкнутый	0
самополагание	0
потуга	0
диалогический	0
укромный	0
уместность	0
восточногерманский	0
эртель	0
конференция	0
торжественно	0
вдумчивый	0
органика	0
парсамов	0
прилегать	0
фурс	0
ботанический	0
славянофильство	0
раздражать	0
априорно	0
справочный	0
опрокидывать	0
неважно	0
творение	0
естество	0
непринужденный	0
тихо	0
обшаривать	0
нигде	0
подавлять	0
висконсин	0
конкретно	0
утрированный	0
идейно	0
григорьев	0
остранение	0
смысложизненный	0
рауль	0
перерабатывать	0
режим	0
перечисление	0
маргинальный	0
весы	0
философияискусство	0
мережковский	0
профанация	0
методика	0
порок	0
рейнгольд	0
ностальгия	0
подчинение	0
жюль	0
арлекин	0
пфаффа	0
зубрить	0
фарнгаген	0
противопоставляться	0
вменять	0
утопия	0
симбирскогосборник	0
герцогство	0
прозорливость	0
наместо	0
назревать	0
внепарламентский	0
пышный	0
видеться	0
пианистка	0
наполнять	0
мулла	0
долг	0
заливать	0
кольцо	0
ларь	0
москвич	0
андреас	0
удача	0
ени	0
неослабевающий	0
целокупно	0
соратник	0
поступаться	0
употребляться	0
ревнивый	0
шиллер	0
прочный	0
кухня	0
научно-исследовательский	0
смягчаться	0
перевертывать	0
большевистский	0
распространять	0
преступный	0
ургический	0
бестия	0
переосмысливаться	0
сплавлять	0
треба	0
священнослужитель	0
сценарный	0
диплом	0
потеря	0
дубль	0
срез	0
оборачивать	0
переворот	0
тетрадь	0
первозданный	0
несоменнно	0
посмертно	0
приумножать	0
умозаключение	0
заданный	0
осведомлять	0
склон	0
недемократический	0
правогегельянец	0
рассекать	0
сюрприз	0
фанон	0
сердечный	0
полк	0
широкоохватный	0
ужас	0
осторожно	0
апперцепция	0
дягилев	0
родной	0
разобщенность	0
услуга	0
устроение	0
отрефлектированный	0
попечение	0
немногочисленный	0
архивист	0
расписание	0
отдельность	0
лютеранство	0
исламофобия	0
многомерный	0
веяние	0
революционизация	0
феноменальный	0
насущный	0
атом	0
неотделимый	0
излагаться	0
опять-таки	0
антиклерикальный	0
лингвистика	0
эмансипаторный	0
христиан	0
вольфганг	0
емкий	0
климент	0
внутринаучный	0
заходиться	0
предсказание	0
вернуть	0
пропеллер	0
магометанство	0
переливчатый	0
нашуметь	0
авдотья	0
экономист	0
ассоциировать	0
суета	0
страстно	0
уведомлять	0
эстетик	0
жалование	0
созвучный	0
универс	0
католик	0
структурно	0
сковородка	0
виртуоз	0
заведующая	0
грязноватый	0
оленин	0
страх	0
голуховский	0
хармс	0
пустынь	0
тасовать	0
бакунин	0
несимволический	0
магун	0
показатель	0
засасывать	0
кононов	0
испорченный	0
протокольный	0
дворцовый	0
консенсус	0
зима	0
ликвидировать	0
зрелый	0
боевой	0
миротворческий	0
амбивалентный	0
гейдельбергский	0
благополучно	0
задерживать	0
наличный	0
высокосодержательный	0
оперировать	0
щенячий	0
квартира	0
км	0
отменный	0
стальной	0
касательно	0
продумывать	0
параллелизм	0
прозрачность	0
виотти	0
отблеск	0
сейсмически	0
карьерный	0
велосипедный	0
лютеранский	0
студеный	0
низвергаться	0
конспект	0
интеллигент	0
плакать	0
мастерство	0
курция	0
строение	0
осуждаться	0
ульрих	0
пятьдесят	0
теологически	0
модальность	0
ехать	0
необычный	0
кукуруза	0
приблизительный	0
новокрестьянский	0
обвести	0
слагать	0
послегомеровский	0
отравляться	0
непоследовательность	0
сатирический	0
врать	0
двусмысленный	0
разнохарактерный	0
тренироваться	0
перебираться	0
покорство	0
переплетение	0
подолгу	0
несанкционированный	0
аллюзия	0
прыгать	0
приезд	0
производиться	0
уготовать	0
блистательный	0
мифический	0
изъян	0
замыкаться	0
примирение	0
тожеследилзасовременнойемуархеология	0
финский	0
ухудшение	0
святотатство	0
переосмысление	0
отпадение	0
орегон	0
безо	0
приглушать	0
патетически	0
ректор	0
отменять	0
двуглавый	0
возгонка	0
заметно	0
энциклопедичность	0
адаптант	0
порекомендовать	0
демчинский	0
ненемецкий	0
интервал	0
дионисодор	0
маркиз	0
нечаянно	0
вселенский	0
теневой	0
признанный	0
автоиммунитет	0
искушение	0
прочерчивать	0
одобрительный	0
гипотетический	0
переводить	0
оружие	0
нездешний	0
сваливать	0
шестидесятилетний	0
древнеримский	0
арена	0
тарту	0
восточноберлинский	0
зарисовка	0
архивовед	0
житейский	0
малое	0
обтекать	0
одинаково	0
симптом	0
фатовство	0
наемный	0
несхожий	0
кабира	0
ноготь	0
плюшар	0
непроясненность	0
незаурядный	0
облегчать	0
тщательный	0
всепоглощающий	0
жизель	0
увар	0
пьяный	0
проверка	0
трансцендентный	0
глосса	0
безжизненный	0
хрущевский	0
дворец	0
пробуждать	0
реквием	0
поводить	0
дерзновенный	0
всеобщность	0
теоретический	0
ан	0
просвещать	0
трофей	0
внутрироссийский	0
эссе	0
сожжение	0
ленточка	0
отличительный	0
сленговый	0
ежели	0
даром	0
языческий	0
арабский	0
ревнитель	0
сбрасывать	0
порочный	0
многобожие	0
строев	0
замирание	0
временно	0
привлечение	0
вещица	0
бердяев	0
зрительный	0
карлович	0
раздражение	0
терпимо	0
неравенство	0
обедать	0
наследник	0
прагматика	0
партиципация	0
нервозность	0
результативный	0
уметь	0
языкознание	0
сбросить	0
любимый	0
разуметь	0
затаенный	0
диковинный	0
страдание	0
догматизм	0
вероисповедание	0
горбунок	0
лирический	0
пролетарский	0
либертарианский	0
трезво	0
процессия	0
портланд	0
закольцовывать	0
межкультурный	0
сапонова	0
заманивать	0
одновременность	0
линейный	0
прекращать	0
мелкий	0
компаративный	0
брак	0
турецкий	0
иностранец	0
фантастический	0
взволновать	0
постулировать	0
деятельно	0
дебаты	0
интеллектуально	0
убедительность	0
слюни	0
тренировочный	0
мифол	0
обнимать	0
боксерский	0
сталинский	0
бравый	0
маргинализм	0
сметь	0
иконография	0
лаконичный	0
легкомысленно	0
стягивание	0
исключительность	0
балакин	0
колдовство	0
хвала	0
удачно	0
эссеист	0
одаренный	0
мерзлота	0
славный	0
привозить	0
догнать	0
луна	0
смета	0
петров	0
цельный	0
полдень	0
внимательный	0
подвизаться	0
детерминировать	0
потреблять	0
стан	0
соотечественник	0
неукоснительно	0
гершенкрон	0
соцлагерь	0
низменный	0
хромой	0
садиться	0
организационно-технический	0
зерно	0
контур	0
контекстуализация	0
содружество	0
умывать	0
антирелигиозность	0
разглядеть	0
возобновление	0
милуоки	0
мистифицировать	0
градус	0
самоумаление	0
медлить	0
трактир	0
инкорпорировать	0
оттого	0
латинский	0
служить	0
под	0
многолетний	0
система	0
группа	0
деликатный	0
результат	0
событие	0
учитывать	0
понимание	0
публикация	0
правда	0
война	0
увязывать	0
переставать	0
иметься	0
слух	0
отличаться	0
судьба	0
обширный	0
необходимо	0
воссоздание	0
убеждать	0
тогда	0
сила	0
приурочивать	0
дионисийский	0
выдвигать	0
неизвестный	0
побывать	0
убеждаться	0
нейтральный	0
лингвистический	0
анархизм	0
думать	0
заключительный	0
служебный	0
откладываться	0
приостанавливать	0
крайность	0
браться	0
во-вторых	0
столетие	0
советский	0
определенность	0
нечего	0
изображать	0
х	0
очередь	0
если	0
окончательно	0
показательный	0
перевод	0
обвинение	0
занятие	0
рука	0
радикально	0
подряд	0
ответственность	0
чей	0
отбирать	0
чем	0
никогда	0
венский	0
нужда	0
современник	0
тираж	0
направление	0
семья	0
неполный	0
очередной	0
окно	0
зависимость	0
востребовать	0
мировой	0
альтернатива	0
юношеский	0
относительно	0
развитый	0
представляться	0
ничто	0
помешать	0
время	0
зарубежный	0
обращение	0
вовлекать	0
деяние	0
видно	0
предыстория	0
проблематика	0
мышление	0
подслушивать	0
происхождение	0
документальный	0
утопический	0
притворяться	0
теология	0
михаил	0
порядок	0
собственный	0
звать	0
правило	0
атмосфера	0
создавать	0
уровень	0
пояснять	0
неподвижный	0
фаза	0
теплый	0
даваться	0
может	0
типичный	0
течение	0
романтика	0
особо	0
сознательно	0
пролегать	0
город	0
ожидание	0
проявлять	0
фактически	0
кой	0
получать	0
прежде	0
достоверность	0
справедливый	0
особенно	0
значить	0
владение	0
бесконечный	0
пристрастный	0
свобода	0
разнообразный	0
филологический	0
ведь	0
продуктивный	0
имя	0
язык	0
интерес	0
активно	0
сказать	0
жестко	0
достаточно	0
первый	0
сотрудничество	0
изменяться	0
социальный	0
целое	0
частность	0
иногда	0
всегда	0
особый	0
отзыв	0
судить	0
перспектива	0
разворачиваться	0
дружеский	0
крымский	0
биография	0
слишком	0
романтический	0
последующий	0
соотношение	0
победа	0
смысловой	0
мысль	0
вскоре	0
почувствовать	0
его	0
начинать	0
использоваться	0
преследовать	0
короткий	0
отсутствие	0
период	0
исследователь	0
судя	0
возможность	0
недавний	0
рассказывать	0
заработок	0
никто	0
композитор	0
поэтому	0
переосмыслять	0
согласно	0
предполагать	0
любопытство	0
носить	0
лейбниц	0
одобрение	0
программа	0
завидный	0
заведомо	0
похвальный	0
счастливый	0
штудии	0
заказывать	0
земля	0
узнавать	0
посвящать	0
норма	0
подходящий	0
сводить	0
тесный	0
последовать	0
назначение	0
всерьез	0
осмысление	0
главное	0
восприятие	0
уверенность	0
стереотип	0
покрывать	0
довольствоваться	0
позиция	0
речь	0
крайний	0
отстаивать	0
теперь	0
переводчик	0
изобретение	0
замечание	0
зреть	0
словесность	0
нуждаться	0
спектр	0
адекватно	0
кружок	0
твердый	0
биографический	0
старый	0
когда	0
возникать	0
база	0
влечь	0
призывать	0
идеология	0
позаимствовать	0
чуждый	0
известно	0
формальный	0
версия	0
мнение	0
идея	0
слышать	0
воплощение	0
ориентировать	0
приход	0
в	0
изначально	0
едва	0
величина	0
общество	0
давать	0
изначальный	0
тоже	0
выражать	0
западноевропейский	0
чутко	0
г-н	0
увлеченность	0
покоиться	0
любопытный	0
определять	0
сотрудник	0
фон	0
успевать	0
заслуга	0
много	0
расходиться	0
предаваться	0
тема	0
участие	0
контакт	0
плохо	0
невозможный	0
лес	0
успешный	0
приобретать	0
полномочие	0
религия	0
страна	0
продолжать	0
путешествие	0
различный	0
николай	0
снова	0
заблаговременно	0
сугубо	0
контекст	0
цитировать	0
изумляться	0
опосредовать	0
прозаический	0
исполнение	0
образовываться	0
господин	0
напротив	0
обладать	0
ход	0
число	0
немало	0
брауншвейг	0
авторство	0
знаменитость	0
соответствующий	0
кумир	0
сеть	0
эволюция	0
использование	0
ом	0
он	0
об	0
образцовый	0
кант	0
к	0
тезис	0
от	0
встречать	0
выступление	0
задний	0
быть	0
замечательный	0
уверенно	0
рассмотрение	0
набор	0
мнимый	0
представать	0
торжество	0
противоположность	0
информация	0
королевство	0
обеспечивать	0
самообман	0
содержаться	0
кочевать	0
символический	0
отрицательный	0
предшествовать	0
отличие	0
разрабатывать	0
память	0
номер	0
позитивизм	0
вспоминать	0
фактологический	0
формировать	0
связь	0
лишенный	0
анализ	0
сделать	0
ред	0
общественный	0
дружба	0
вина	0
постоянный	0
община	0
материя	0
впоследствии	0
позитивистский	0
дмитрий	0
дорогой	0
лето	0
уверенный	0
северный	0
возрождение	0
должное	0
все	0
журнал	0
большинство	0
вовсе	0
завязывать	0
крестный	0
чрезвычайно	0
принятый	0
явствовать	0
подчеркивать	0
следовать	0
о	0
перед	0
фрагмент	0
поэзия	0
производить	0
который	0
кто-то	0
другой	0
работа	0
причудливый	0
простой	0
хотя	0
освобождать	0
чтение	0
составитель	0
серьезный	0
разве	0
предавать	0
истовый	0
сознание	0
вводный	0
воспринимать	0
некоторый	0
использовать	0
песня	0
случайный	0
отовсюду	0
век	0
томас	0
пятно	0
деталь	0
безумие	0
сколько	0
недоразумение	0
нижеследующий	0
логика	0
очевидно	0
стоять	0
самостоятельный	0
москва	0
инструмент	0
показываться	0
по	0
всеохватывающий	0
один	0
оценка	0
молчание	0
рано	0
ребенок	0
ниспровергать	0
отчаяние	0
по-новому	0
удаляться	0
складываться	0
независимый	0
долгожданный	0
гегелевский	0
слово	0
достойный	0
божественный	0
метод	0
ограничиваться	0
спровоцировать	0
закон	0
схема	0
рефлексия	0
представление	0
соответствие	0
попытка	0
без	0
ясно	0
частный	0
существование	0
тридцать	0
оправдывать	0
страница	0
юный	0
христианин	0
больший	0
пиетет	0
глубинный	0
во-первых	0
фактология	0
задолго	0
оборот	0
очерк	0
присутствие	0
выступать	0
идеологический	0
неясный	0
заставать	0
руководствоваться	0
охарактеризовать	0
образовывать	0
разъяснять	0
исторический	0
экспансия	0
нет	0
единый	0
лист	0
игнорировать	0
нечто	0
поэт	0
центр	0
жаждать	0
константин	0
искренний	0
противоречие	0
свое	0
свой	0
поощрение	0
родственный	0
утверждение	0
июль	0
склонный	0
несчастный	0
разный	0
множественность	0
философия	0
январь	0
избежание	0
пространный	0
стараться	0
помечать	0
наконец	0
претендовать	0
английский	0
посвящение	0
каждый	0
располагать	0
случайно	0
упоминание	0
внутренний	0
диалектический	0
часто	0
пытаться	0
портрет	0
выявление	0
часть	0
духовный	0
вместе	0
фриц	0
вместо	0
любой	0
князь	0
воля	0
прежний	0
список	0
летний	0
пригодный	0
специалист	0
личный	0
связывать	0
беседовать	0
исполнять	0
согласный	0
сохраняться	0
положение	0
открытие	0
совмещать	0
указание	0
рассматривать	0
обещать	0
политика	0
казаться	0
большой	0
камень	0
покровитель	0
вызывать	0
преувеличение	0
допускать	0
восстанавливать	0
ценность	0
давно	0
сочетание	0
язычник	0
отчасти	0
словно	0
стремительный	0
ценный	0
рождаться	0
гибель	0
особенность	0
разрозненный	0
с	0
шаг	0
попытаться	0
акцентировать	0
гагарин	0
газ	0
бумага	0
подобный	0
благодарить	0
забывать	0
планета	0
герман	0
манн	0
стихотворение	0
впечатлять	0
брать	0
приходиться	0
ниже	0
постигать	0
больше	0
теория	0
мгновение	0
значение	0
напр	0
присутствовать	0
сколь	0
будто	0
конечно	0
деньги	0
идейный	0
забавно	0
надеяться	0
захотеть	0
двигаться	0
реконструкция	0
притом	0
предпочтение	0
вадим	0
итог	0
предлагать	0
подробность	0
идти	0
пафос	0
будущий	0
владимир	0
пространство	0
единение	0
высказываться	0
рафинированный	0
учебник	0
борьба	0
сердце	0
круг	0
профессиональный	0
мы	0
история	0
восхищение	0
компонент	0
год	0
историк	0
заключаться	0
открывать	0
пост	0
построение	0
паспорт	0
звезда	0
свидетельство	0
непременно	0
участник	0
отзываться	0
идеализм	0
идеальный	0
мертвый	0
куда	0
находить	0
разумеется	0
близость	0
данный	0
ничтожный	0
мистический	0
т	0
расшифровка	0
неизбежно	0
американский	0
иметь	0
лицо	0
воспроизводить	0
литература	0
тысяча	0
произведение	0
оседать	0
полнота	0
либо	0
специфический	0
небольшой	0
польза	0
указывать	0
интонация	0
институт	0
погружаться	0
навсегда	0
г	0
стилистика	0
стоить	0
появляться	0
четыре	0
наблюдатель	0
нация	0
трудный	0
музыкальный	0
петербург	0
форма	0
народный	0
по-прежнему	0
содержать	0
намек	0
вклад	0
столь	0
включать	0
нежели	0
журнальный	0
интересно	0
деятельность	0
индивидуальный	0
вдруг	0
масса	0
решать	0
двойной	0
корпус	0
сравнение	0
й	0
конечный	0
творческий	0
заметка	0
услышать	0
слабый	0
поток	0
потом	0
выполнять	0
участвовать	0
любить	0
чисто	0
заниматься	0
усматривать	0
заграничный	0
неудача	0
лежать	0
вечный	0
вне	0
обилие	0
ожидать	0
сомнение	0
берег	0
кафедра	0
передвижение	0
гуманитарий	0
культ	0
выдерживать	0
себя	0
предмет	0
не	0
на	0
наносить	0
но	0
ни	0
интерпретировать	0
сюжет	0
общность	0
мать	0
гений	0
товарищ	0
десятилетие	0
вообще	0
живо	0
вернуться	0
основывать	0
туда	0
настойчиво	0
художественный	0
горячий	0
сторона	0
обращаться	0
какой-либо	0
подготовка	0
поздний	0
унаследовать	0
месяц	0
переоценка	0
карл	0
формирование	0
оценивать	0
совместный	0
ландшафт	0
аудитория	0
сожаление	0
публика	0
философ	0
между	0
рождение	0
соперничество	0
второй	0
потому	0
многозначительный	0
мера	0
подвергать	0
надежда	0
весь	0
вплоть	0
вынуждать	0
взглядывать	0
прогресс	0
эпоха	0
зрение	0
интрига	0
переработка	0
принимать	0
только	0
исключать	0
почтенный	0
вписывать	0
как	0
просить	0
этот	0
естественный	0
отражаться	0
совершать	0
директор	0
иван	0
солидаризироваться	0
циркулировать	0
огромный	0
вступать	0
воодушевленный	0
мало	0
тут	0
точный	0
многие	0
многий	0
недостаточно	0
проводить	0
ю	0
устойчивый	0
объяснение	0
влиятельный	0
заранее	0
значимость	0
сквозь	0
лишать	0
берлин	0
поэма	0
объявлять	0
отец	0
разум	0
соединять	0
после	0
издание	0
малый	0
взять	0
продемонстрировать	0
понятие	0
тенденция	0
пользоваться	0
рассуждение	0
интересный	0
претерпевать	0
знак	0
впрочем	0
насилие	0
редакция	0
состоять	0
репутация	0
динамика	0
попадать	0
необходимый	0
отсюда	0
сводиться	0
писать	0
ссылка	0
многообразие	0
величие	0
исключение	0
ловушка	0
причина	0
проникать	0
энергичный	0
по-русски	0
где	0
отделять	0
многое	0
устаревать	0
привычный	0
достоинство	0
методологический	0
сей	0
юлия	0
нужно	0
описание	0
дома	0
помимо	0
намерен	0
вырождение	0
приватный	0
предисл	0
сочинение	0
просто	0
труд	0
выборг	0
ученичество	0
адресовать	0
всецело	0
наслаждение	0
религиозный	0
закономерный	0
западный	0
статус	0
обозначение	0
проходить	0
исследование	0
путешественник	0
мыслитель	0
вопрос	0
пронизывать	0
выражение	0
француз	0
пребывать	0
чтобы	0
пусть	0
сформировываться	0
адекватный	0
вывод	0
академия	0
опираться	0
синтез	0
драматический	0
справедливость	0
институция	0
сетевой	0
признавать	0
скрытый	0
коллективный	0
пока	0
истинный	0
организация	0
тяжесть	0
легенда	0
объединяться	0
сильно	0
национальный	0
предстоять	0
эффективно	0
антропология	0
точка	0
обновление	0
виктор	0
сноска	0
великий	0
берлинский	0
логический	0
священный	0
салон	0
друг	0
классик	0
воздерживаться	0
ли	0
черта	0
жаловаться	0
архивный	0
следующий	0
обзор	0
что	0
потребовать	0
безусловно	0
неожиданный	0
терминология	0
официальный	0
опубликовывать	0
косвенно	0
истина	0
александр	0
сторонний	0
интеллектуал	0
поэтический	0
материал	0
спб	0
помещать	0
теологический	0
тщетно	0
смеяться	0
сыграть	0
устаиваться	0
прямо	0
заказ	0
цель	0
руководить	0
рядом	0
называть	0
п	0
выбор	0
приводиться	0
уникальный	0
недостаток	0
упоминаться	0
неоднократно	0
ранее	0
центральный	0
признаваться	0
листок	0
местный	0
реалия	0
напряжение	0
отношение	0
сейчас	0
корпоративный	0
бесчисленный	0
рубеж	0
возвращение	0
кроме	0
средний	0
теоретик	0
учет	0
требовать	0
предприятие	0
направлять	0
организовывать	0
рамка	0
вдохновлять	0
поминать	0
острый	0
германия	0
вера	0
менять	0
оставлять	0
романтизм	0
вокруг	0
рынок	0
должный	0
мемуары	0
похоже	0
связующий	0
диалог	0
л	0
выяснивать	0
источник	0
затруднять	0
немец	0
объективный	0
ритуал	0
хайдеггер	0
ум	0
уж	0
немецкий	0
установка	0
знакомый	0
спрашивать	0
твой	0
стена	0
ценностный	0
положительный	0
философски	0
как-то	0
основной	0
поход	0
член	0
область	0
утрачивать	0
приходить	0
видимо	0
посылать	0
осуществляться	0
историко	0
фактический	0
предоставлять	0
состояться	0
тесно	0
отдавать	0
разумный	0
однозначный	0
свободно	0
всевозможный	0
истинно	0
хроника	0
отрицание	0
нести	0
делаться	0
перевести	0
брат	0
являться	0
ангажировать	0
комментировать	0
концепция	0
рассматриваться	0
занимать	0
вносить	0
согласие	0
настрой	0
интерпретация	0
стимулировать	0
знание	0
нынешний	0
среда	0
среди	0
атрибут	0
метафизический	0
у	0
существенный	0
международный	0
физический	0
апрель	0
ошибочный	0
искренне	0
развитие	0
развивать	0
соблюдать	0
оригинал	0
уже	0
движение	0
конкретный	0
риторика	0
христианский	0
харьков	0
важный	0
начало	0
изложение	0
материализм	0
надпись	0
примечание	0
человеческий	0
любовь	0
текст	0
непосредственно	0
взывать	0
создание	0
символика	0
приблизительно	0
смешивать	0
радостный	0
колесо	0
пояснение	0
элевсинский	0
раз	0
размышление	0
русский	0
идеал	0
анекдот	0
документ	0
культура	0
ситуация	0
совет	0
новость	0
суд	0
ортодоксальный	0
газета	0
должно	0
элемент	0
ложный	0
степень	0
досадный	0
литературный	0
изменять	0
полно	0
написать	0
тотчас	0
нетерпение	0
построить	0
возможно	0
ощущать	0
конфликт	0
явный	0
свидетель	0
французский	0
ученический	0
рассказ	0
мимо	0
уточнять	0
подходить	0
непосредственный	0
наверное	0
открытость	0
взаимно	0
меньший	0
мировоззрение	0
решение	0
вперед	0
выставлять	0
сочувствие	0
счастие	0
немалый	0
удовольствие	0
познакомить	0
государство	0
стремиться	0
пересмотр	0
авторитетный	0
запад	0
отсылать	0
идентифицировать	0
наглядно	0
четверть	0
сохранять	0
полностью	0
адрес	0
реальный	0
см	0
со	0
осведомленность	0
надо	0
россия	0
предварительный	0
конец	0
инструментарий	0
картина	0
бытование	0
напечатать	0
старший	0
более	0
пример	0
светский	0
случай	0
чувствовать	0
звено	0
приложение	0
союз	0
го	0
ученость	0
столько	0
насколько	0
дарить	0
довольно	0
свободный	0
а	0
произрастать	0
коллега	0
вновь	0
применение	0
непреодолимый	0
мироустройство	0
империя	0
счет	0
дорога	0
посещение	0
лестница	0
париж	0
рукопись	0
д	0
определяться	0
реальность	0
эпизод	0
харьковский	0
два	0
полагать	0
достижение	0
наследие	0
выдавать	0
обстоять	0
восприниматься	0
пер	0
собираться	0
тень	0
ноль	0
понимать	0
действительно	0
искаженный	0
открываться	0
удивительный	0
отдельный	0
право	0
таков	0
такой	0
собрание	0
классика	0
вероятно	0
жаль	0
введение	0
обсуждаться	0
проект	0
заставлять	0
охватывать	0
поиск	0
дом	0
прошлый	0
ограничение	0
целостный	0
практически	0
действовать	0
определенно	0
высказывание	0
играть	0
импульс	0
ресурс	0
она	0
оно	0
временный	0
они	0
знать	0
лично	0
усилие	0
внутри	0
название	0
воссоздавать	0
опыт	0
лишь	0
поколение	0
ради	0
беседа	0
граница	0
сокращенный	0
однажды	0
противопоставлять	0
свет	0
ты	0
сообщение	0
против	0
консервативный	0
предпринимать	0
или	0
экскурс	0
связный	0
европейский	0
наступать	0
то	0
франц	0
знакомство	0
печать	0
психология	0
самый	0
капитал	0
готовый	0
направленность	0
печатать	0
реакция	0
отнюдь	0
античный	0
приглашать	0
модерн	0
умирать	0
выглядеть	0
публицист	0
подарок	0
жена	0
специфика	0
чужой	0
компромисс	0
час	0
еще	0
несмотря	0
твердо	0
прямой	0
прибегать	0
научный	0
царь	0
приносить	0
упоминать	0
умолять	0
след	0
подобно	0
захватить	0
присущий	0
желание	0
появление	0
заканчиваться	0
дальнейший	0
меняться	0
распоряжаться	0
прогулка	0
максимальный	0
заблуждение	0
ощущение	0
дело	0
благодаря	0
социально	0
доказывать	0
подготовительный	0
военный	0
крайне	0
исключительно	0
видать	0
критический	0
выбирать	0
вечер	0
этика	0
семейный	0
разбор	0
бедность	0
внимательно	0
автор	0
количество	0
республика	0
означать	0
я	0
именно	0
значимый	0
искать	0
далекий	0
рецепция	0
бы	0
интересоваться	0
настраивать	0
мечта	0
краткий	0
напоминать	0
задача	0
около	0
скандал	0
равный	0
коммуникативный	0
озаглавливать	0
ирония	0
ступень	0
читать	0
воздвигать	0
программный	0
состояние	0
однако	0
бывший	0
филолог	0
средство	0
италия	0
хорошо	0
связанный	0
широкий	0
превращаться	0
видеть	0
исходить	0
статья	0
усиливаться	0
государственный	0
невозможно	0
церковь	0
юноша	0
толпа	0
относиться	0
послание	0
важность	0
по-видимому	0
критически	0
соперник	0
иначе	0
познакомиться	0
искусство	0
оба	0
легко	0
риск	0
изменение	0
студент	0
решительно	0
гегель	0
очень	0
работать	0
православный	0
отдаленный	0
верно	0
эволюционировать	0
шанс	0
остальное	0
остальной	0
иной	0
христос	0
писатель	0
хотеть	0
толкование	0
знаменитый	0
нужный	0
цит	0
половина	0
любитель	0
энциклопедический	0
касаться	0
отрывок	0
фактор	0
цитата	0
до	0
заседание	0
де	0
да	0
культурный	0
публично	0
ведение	0
др	0
буквальный	0
новый	0
путем	0
передавать	0
амбиция	0
кто	0
убеждение	0
регулярно	0
впервые	0
опосредование	0
открыто	0
недоступный	0
живой	0
создатель	0
догадываться	0
отдыхать	0
когда-то	0
разрешать	0
налагать	0
резко	0
издаваться	0
заключать	0
говорить	0
разделять	0
разнородный	0
место	0
упор	0
во	0
практический	0
подозрение	0
смысл	0
неожиданно	0
почему	0
университет	0
применительно	0
сложный	0
единство	0
механизм	0
ошибка	0
словарь	0
школа	0
основатель	0
настроение	0
гость	0
предел	0
составлять	0
превосходить	0
учиться	0
добавлять	0
содержание	0
общение	0
близкий	0
объяснять	0
кстати	0
быстро	0
ибо	0
считать	0
этап	0
собеседник	0
ученый	0
бах	0
протест	0
единичный	0
чета	0
копия	0
транслировать	0
существо	0
первоначальный	0
древний	0
потенция	0
сын	0
реализовать	0
карамзин	0
многократно	0
разбираться	0
характеристика	0
творчество	0
хороший	0
увлекать	0
май	0
предпосылать	0
высокий	0
климат	0
массовый	0
закрывать	0
ряд	0
единственный	0
широко	0
партия	0
целый	0
улавливать	0
м	0
письмо	0
развиваться	0
ее	0
рожать	0
архетипический	0
исправлять	0
мотив	0
прочитывать	0
формулировать	0
дополнять	0
строка	0
раздел	0
даже	0
покойный	0
впечатление	0
участь	0
анализировать	0
скобка	0
гармония	0
дискурс	0
подробно	0
важно	0
вслед	0
факт	0
наука	0
жить	0
личность	0
просвещение	0
книга	0
оставаться	0
потребность	0
материальный	0
завершение	0
прозвучать	0
явно	0
сведение	0
вещь	0
путь	0
над	0
обожать	0
вестись	0
отечественный	0
наш	0
учение	0
лингвист	0
составной	0
пора	0
спекулятивный	0
сильный	0
момент	0
суметь	0
и	0
председатель	0
нельзя	0
последовательно	0
контраст	0
дополнительный	0
приводить	0
активный	0
для	0
космос	0
раскрывать	0
художник	0
греция	0
низкий	0
обозначать	0
понятный	0
ф	0
род	0
никак	0
осознание	0
механически	0
представитель	0
обнаруживать	0
середина	0
современный	0
совпадение	0
соединение	0
трудно	0
протяжение	0
таковой	0
крупный	0
смочь	0
мой	0
критик	0
взгляд	0
прошедший	0
сложность	0
метафизика	0
прогноз	0
какой-нибудь	0
ключ	0
масштаб	0
ответ	0
одновременно	0
конгресс	0
вполне	0
находиться	0
освободительный	0
угодно	0
демонстрировать	0
записывать	0
запись	0
продолжение	0
намерение	0
р	0
описывать	0
памятник	0
немой	0
территория	0
продолжаться	0
спасение	0
присваивать	0
позволять	0
отпуск	0
наделять	0
серия	0
тяжелый	0
проявление	0
назад	0
недоумение	0
увидеть	0
радость	0
делиться	0
профессор	0
прибывать	0
скорый	0
дискуссия	0
никакой	0
опять	0
весьма	0
обмен	0
фраза	0
конкурент	0
также	0
какой-то	0
сообщество	0
одоевский	0
принципиально	0
удивляться	0
поскольку	0
звучать	0
карта	0
формат	0
ввиду	0
фонд	0
доверие	0
ограниченный	0
романтик	0
зависть	0
полный	0
безупречно	0
день	0
доводить	0
характерный	0
зависеть	0
ныне	0
безнадежно	0
ориентир	0
критика	0
почва	0
становиться	0
иронический	0
стиль	0
выход	0
бедный	0
ваш	0
апелляция	0
просмотр	0
знакомиться	0
экономический	0
комментарий	0
отражать	0
взаимоотношение	0
поддерживать	0
российский	0
настоящий	0
приобретение	0
точно	0
вначале	0
возможный	0
общий	0
подтверждать	0
значительный	0
качество	0
несколько	0
претерпеть	0
луч	0
смерть	0
некий	0
желать	0
дерпт	0
односторонний	0
подразумеваться	0
нередко	0
будущее	0
пожалуй	0
посылка	0
христианство	0
всего	0
утверждать	0
демонстрация	0
искажение	0
абсолютный	0
всеобщий	0
недавно	0
имманентный	0
дистанция	0
передача	0
спокойный	0
богатый	0
гражданский	0
многочисленный	0
какой	0
каков	0
сказываться	0
верить	0
из	0
соответственно	0
детальный	0
различие	0
поздно	0
святой	0
забота	0
постепенно	0
их	0
данные	0
переход	0
множество	0
бесполезный	0
энтузиазм	0
графиня	0
обязанность	0
е	0
бог	0
предъявлять	0
напряженный	0
обсуждать	0
талантливый	0
отсутствовать	0
адресоваться	0
благодарность	0
вот	0
подталкивать	0
везти	0
строй	0
нарочно	0
представлять	0
упражнение	0
определенный	0
привет	0
возглавлять	0
утро	0
глава	0
читатель	0
препятствие	0
обстоятельство	0
план	0
устанавливать	0
претензия	0
карьера	0
учитель	0
автономия	0
произносить	0
отказ	0
убивать	0
интеллектуальный	0
слушать	0
специальный	0
кажется	0
б	0
авторитет	0
духовенство	0
подготовить	0
вести	0
сам	0
сад	0
отказывать	0
измерение	0
долгий	0
внешний	0
общеевропейский	0
философский	0
входить	0
пять	0
лекция	0
наставник	0
готовность	0
совершенно	0
несчастие	0
учреждение	0
модель	0
издательство	0
выражаться	0
феномен	0
ждать	0
всякий	0
принципиальный	0
потребоваться	0
глаз	0
тот	0
предписывать	0
доступный	0
обещание	0
эстетика	0
объединять	0
хранить	0
интеллигенция	0
преподаватель	0
обращать	0
делать	0
публиковать	0
основа	0
отмечать	0
трансляция	0
причем	0
мир	0
вольный	0
администрация	0
адресат	0
изучение	0
в-третьих	0
плохой	0
милый	0
достигать	0
замысел	0
человек	0
мифология	0
телеология	0
суждение	0
мировоззренческий	0
блестящий	0
влияние	0
так	0
там	0
состав	0
переписывать	0
далеко	0
условие	0
разочарование	0
сентябрь	0
затрагивать	0
двор	0
скромный	0
показывать	0
московский	0
повод	0
ключевой	0
поездка	0
это	0
либеральный	0
разговор	0
скоро	0
спасительный	0
сменяться	0
вид	0
распознавать	0
почти	0
при	0
почта	0
убедительный	0
внимание	0
молодой	0
воображать	0
санкт-петербург	0
упускать	0
примитивный	0
объем	0
екатерина	0
придворный	0
противоположный	0
доля	0
предположение	0
классицизм	0
сергей	0
удаваться	0
издательский	0
взор	0
легендарный	0
возлагать	0
рискованный	0
эмоциональный	0
три	0
образ	0
аспект	0
ставиться	0
явление	0
противостоять	0
основание	0
исток	0
формально	0
через	0
отвечать	0
цивилизация	0
пересказывать	0
заслуживать	0
дневник	0
бытие	0
отстраняться	0
освоение	0
мыслящий	0
проделывать	0
бежать	0
фундаментальный	0
принцип	0
лишаться	0
применять	0
треть	0
существовать	0
оказываться	0
свойство	0
ранний	0
поле	0
можно	0
фамилия	0
солидарность	0
характер	0
украина	0
своеобразный	0
возвышенный	0
сегодня	0
решаться	0
встреча	0
заявление	0
политический	0
открытый	0
превращение	0
археология	0
посмотреть	0
здесь	0
петербургский	0
мочь	0
социально-политический	0
ознакомляться	0
соответствовать	0
выше	0
вариант	0
специально	0
обсуждение	0
наблюдение	0
русло	0
пассаж	0
католический	0
создаваться	0
затем	0
подход	0
издавать	0
например	0
категория	0
народ	0
помощь	0
стремление	0
самоопределение	0
уста	0
жизнь	0
бывать	0
поражать	0
паутина	0
признание	0
главный	0
несомненно	0
настолько	0
требоваться	0
немного	0
ко	0
верный	0
последний	0
осторожный	0
домысел	0
природа	0
традиция	0
повторять	0
резонанс	0
замечать	0
кропотливый	0
дух	0
понятно	0
отклик	0
постоянно	0
практика	0
мощный	0
осмысленный	0
дифференциация	0
европа	0
отправляться	0
людвиг	0
власть	0
актуальный	0
зато	0
начинаться	0
известный	0
что-то	0
присоединяться	0
принадлежать	0
менее	0
радикальный	0
структура	0
немногий	0
прочий	0
происходить	0
собственно	0
нежелание	0
третий	0
необходимость	0
помогать	0
исследовать	0
сообщать	0
успех	0
сразу	0
наиболее	0
за	0
превращать	0
миссия	0
деятель	0
испытывать	0
проблема	0
покидать	0
многообразный	0
выраженный	0
младший	0
процесс	0
доходить	0
великолепный	0
выявлять	0
везде	0
побуждать	0
классический	0
прозрачный	0
притяжение	0
действительность	0
тем	0
интересовать	0
включая	0
сущность	0
собирать	0
готовиться	0
же	0
заговор	0
зимний	0
роль	0
социология	0
тон	0
том	0
двадцать	0
давний	0
воздействие	0
человечность	0
марксизм	0
фердинанд	0
посол	0
глубокий	0
реконструировать	0
предыдущий	0
обычный	0
обретать	0
мастер	0
злой	0
жан-поль	0
человечество	0
настаивать	0
сестра	0
переходить	0
содержательный	0
академический	0
пьеса	0
загадочный	0
правительство	0
слава	0
пропаганда	0
выходить	0
избранный	0
отрицать	0
гарантия	0
рецензент	0
фигура	0
наличие	0
сопровождать	0
рецензия	0
преимущество	0
сторонник	0
прием	0
выдающийся	0
н	0
неприкосновенность	0
